日期,毛利润
2013-07-10,-78.88
2013-07-11,-57.98
2013-07-12,-47.54
2013-07-13,0
2013-07-14,0
2013-07-15,-60.07
2013-07-16,-55.9
2013-07-17,-45.45
2013-07-18,-32.91
2013-07-19,-20.37
2013-07-20,0
2013-07-21,0
2013-07-22,-16.19
2013-07-23,-5.75
2013-07-24,-1.57
2013-07-25,5.75
2013-07-26,33.95
2013-07-27,0
2013-07-28,0
2013-07-29,61.12
2013-07-30,102.9
2013-07-31,128
2013-08-01,111.3
2013-08-02,130.1
2013-08-03,0
2013-08-04,0
2013-08-05,130.1
2013-08-06,138.4
2013-08-07,140.5
2013-08-08,148.9
2013-08-09,153.1
2013-08-10,0
2013-08-11,0
2013-08-12,169.8
2013-08-13,182.3
2013-08-14,211.6
2013-08-15,293.1
2013-08-16,357.8
2013-08-17,0
2013-08-18,0
2013-08-19,357.8
2013-08-20,309.8
2013-08-21,268
2013-08-22,242.9
2013-08-23,219.9
2013-08-24,0
2013-08-25,0
2013-08-26,219.9
2013-08-27,217.8
2013-08-28,245
2013-08-29,247.1
2013-08-30,261.7
2013-08-31,0
2013-09-01,0
2013-09-02,307.7
2013-09-03,324.4
2013-09-04,330.7
2013-09-05,326.5
2013-09-06,345.3
2013-09-07,0
2013-09-08,0
2013-09-09,364.1
2013-09-10,418.4
2013-09-11,447.7
2013-09-12,441.4
2013-09-13,443.5
2013-09-14,0
2013-09-15,0
2013-09-16,437.2
2013-09-17,460.2
2013-09-18,489.5
2013-09-19,0
2013-09-20,0
2013-09-21,0
2013-09-22,0
2013-09-23,579.3
2013-09-24,619
2013-09-25,648.3
2013-09-26,648.3
2013-09-27,639.9
2013-09-28,0
2013-09-29,0
2013-09-30,627.4
2013-10-01,0
2013-10-02,0
2013-10-03,0
2013-10-04,0
2013-10-05,0
2013-10-06,0
2013-10-07,0
2013-10-08,604.4
2013-10-09,593.9
2013-10-10,593.9
2013-10-11,589.8
2013-10-12,0
2013-10-13,0
2013-10-14,575.1
2013-10-15,571
2013-10-16,562.6
2013-10-17,548
2013-10-18,541.7
2013-10-19,0
2013-10-20,0
2013-10-21,535.4
2013-10-22,527.1
2013-10-23,520.8
2013-10-24,522.9
2013-10-25,512.5
2013-10-26,0
2013-10-27,0
2013-10-28,520.8
2013-10-29,527.1
2013-10-30,535.4
2013-10-31,541.7
2013-11-01,543.8
2013-11-02,0
2013-11-03,0
2013-11-04,556.3
2013-11-05,556.3
2013-11-06,564.7
2013-11-07,558.4
2013-11-08,558.4
2013-11-09,0
2013-11-10,0
2013-11-11,571
2013-11-12,577.2
2013-11-13,579.3
2013-11-14,583.5
2013-11-15,596
2013-11-16,0
2013-11-17,0
2013-11-18,619
2013-11-19,629.5
2013-11-20,652.5
2013-11-21,660.8
2013-11-22,685.9
2013-11-23,0
2013-11-24,0
2013-11-25,719.3
2013-11-26,731.9
2013-11-27,702.6
2013-11-28,702.6
2013-11-29,702.6
2013-11-30,0
2013-12-01,0
2013-12-02,748.6
2013-12-03,815.4
2013-12-04,884.4
2013-12-05,949.2
2013-12-06,1043
2013-12-07,0
2013-12-08,0
2013-12-09,1175
2013-12-10,1192
2013-12-11,1091
2013-12-12,1052
2013-12-13,991
2013-12-14,0
2013-12-15,0
2013-12-16,863.5
2013-12-17,765.3
2013-12-18,702.6
2013-12-19,721.4
2013-12-20,711
2013-12-21,0
2013-12-22,0
2013-12-23,729.8
2013-12-24,721.4
2013-12-25,736
2013-12-26,727.7
2013-12-27,700.5
2013-12-28,0
2013-12-29,0
2013-12-30,669.2
2013-12-31,662.9
2014-01-01,0
2014-01-02,616.9
2014-01-03,581.4
2014-01-04,0
2014-01-05,0
2014-01-06,575.1
2014-01-07,522.9
2014-01-08,479
2014-01-09,479
2014-01-10,483.2
2014-01-11,0
2014-01-12,0
2014-01-13,506.2
2014-01-14,510.4
2014-01-15,518.7
2014-01-16,514.5
2014-01-17,506.2
2014-01-18,0
2014-01-19,0
2014-01-20,499.9
2014-01-21,491.6
2014-01-22,468.6
2014-01-23,460.2
2014-01-24,466.5
2014-01-25,0
2014-01-26,0
2014-01-27,466.5
2014-01-28,466.5
2014-01-29,466.5
2014-01-30,0
2014-01-31,0
2014-02-01,0
2014-02-02,0
2014-02-03,0
2014-02-04,0
2014-02-05,0
2014-02-06,0
2014-02-07,476.9
2014-02-08,0
2014-02-09,0
2014-02-10,504.1
2014-02-11,525
2014-02-12,516.6
2014-02-13,508.3
2014-02-14,508.3
2014-02-15,0
2014-02-16,0
2014-02-17,502
2014-02-18,489.5
2014-02-19,481.1
2014-02-20,460.2
2014-02-21,439.3
2014-02-22,0
2014-02-23,0
2014-02-24,391.3
2014-02-25,351.6
2014-02-26,311.9
2014-02-27,268
2014-02-28,238.7
2014-03-01,0
2014-03-02,0
2014-03-03,213.7
2014-03-04,209.5
2014-03-05,222
2014-03-06,240.8
2014-03-07,247.1
2014-03-08,0
2014-03-09,0
2014-03-10,232.5
2014-03-11,238.7
2014-03-12,224.1
2014-03-13,180.2
2014-03-14,128
2014-03-15,0
2014-03-16,0
2014-03-17,107.1
2014-03-18,98.73
2014-03-19,79.92
2014-03-20,67.39
2014-03-21,61.12
2014-03-22,0
2014-03-23,0
2014-03-24,100.8
2014-03-25,84.1
2014-03-26,88.28
2014-03-27,96.64
2014-03-28,98.73
2014-03-29,0
2014-03-30,0
2014-03-31,157.2
2014-04-01,161.4
2014-04-02,159.3
2014-04-03,146.8
2014-04-04,151
2014-04-05,0
2014-04-06,0
2014-04-07,0
2014-04-08,155.1
2014-04-09,148.9
2014-04-10,138.4
2014-04-11,132.2
2014-04-12,0
2014-04-13,0
2014-04-14,123.8
2014-04-15,123.8
2014-04-16,100.8
2014-04-17,77.83
2014-04-18,82.01
2014-04-19,0
2014-04-20,0
2014-04-21,109.2
2014-04-22,115.4
2014-04-23,111.3
2014-04-24,128
2014-04-25,125.9
2014-04-26,0
2014-04-27,0
2014-04-28,132.2
2014-04-29,123.8
2014-04-30,115.4
2014-05-01,0
2014-05-02,0
2014-05-03,0
2014-05-04,0
2014-05-05,88.28
2014-05-06,71.57
2014-05-07,50.67
2014-05-08,48.58
2014-05-09,36.04
2014-05-10,0
2014-05-11,0
2014-05-12,46.49
2014-05-13,42.31
2014-05-14,33.95
2014-05-15,19.33
2014-05-16,0.52
2014-05-17,0
2014-05-18,0
2014-05-19,-5.75
2014-05-20,-15.15
2014-05-21,-24.55
2014-05-22,-32.91
2014-05-23,-41.27
2014-05-24,0
2014-05-25,0
2014-05-26,-37.09
2014-05-27,-37.09
2014-05-28,-35
2014-05-29,-41.27
2014-05-30,-53.81
2014-05-31,0
2014-06-01,0
2014-06-02,0
2014-06-03,-57.98
2014-06-04,-64.25
2014-06-05,-91.42
2014-06-06,-93.51
2014-06-07,0
2014-06-08,0
2014-06-09,-103.95
2014-06-10,-116.49
2014-06-11,-112.31
2014-06-12,-99.78
2014-06-13,-49.63
2014-06-14,0
2014-06-15,0
2014-06-16,-5.75
2014-06-17,-18.28
2014-06-18,-43.36
2014-06-19,-47.54
2014-06-20,-64.25
2014-06-21,0
2014-06-22,0
2014-06-23,-47.54
2014-06-24,-43.36
2014-06-25,-35
2014-06-26,2.61
2014-06-27,17.24
2014-06-28,0
2014-06-29,0
2014-06-30,6.79
2014-07-01,-5.75
2014-07-02,-9.93
2014-07-03,-9.93
2014-07-04,-20.37
2014-07-05,0
2014-07-06,0
2014-07-07,-5.75
2014-07-08,-12.01
2014-07-09,-20.37
2014-07-10,-30.82
2014-07-11,-47.54
2014-07-12,0
2014-07-13,0
2014-07-14,-49.63
2014-07-15,-49.63
2014-07-16,-55.9
2014-07-17,-57.98
2014-07-18,-68.43
2014-07-19,0
2014-07-20,0
2014-07-21,-72.61
2014-07-22,-78.88
2014-07-23,-74.7
2014-07-24,-68.43
2014-07-25,-70.52
2014-07-26,0
2014-07-27,0
2014-07-28,-53.81
2014-07-29,-51.72
2014-07-30,-62.16
2014-07-31,-49.63
2014-08-01,-66.34
2014-08-02,0
2014-08-03,0
2014-08-04,-68.43
2014-08-05,-60.07
2014-08-06,-68.43
2014-08-07,-70.52
2014-08-08,-66.34
2014-08-09,0
2014-08-10,0
2014-08-11,-66.34
2014-08-12,-72.61
2014-08-13,-28.73
2014-08-14,-35
2014-08-15,-39.18
2014-08-16,0
2014-08-17,0
2014-08-18,-39.18
2014-08-19,-24.55
2014-08-20,-28.73
2014-08-21,-32.91
2014-08-22,-45.45
2014-08-23,0
2014-08-24,0
2014-08-25,-49.63
2014-08-26,-63.21
2014-08-27,-68.43
2014-08-28,-70.52
2014-08-29,-72.61
2014-08-30,0
2014-08-31,0
2014-09-01,-225.72
2014-09-02,-217.36
2014-09-03,-213.18
2014-09-04,-200.64
2014-09-05,-200.64
2014-09-06,0
2014-09-07,0
2014-09-08,0
2014-09-09,-198.55
2014-09-10,-194.37
2014-09-11,-194.37
2014-09-12,-190.19
2014-09-13,0
2014-09-14,0
2014-09-15,-167.21
2014-09-16,-129.6
2014-09-17,-131.69
2014-09-18,-137.96
2014-09-19,-135.87
2014-09-20,0
2014-09-21,0
2014-09-22,-144.22
2014-09-23,-148.4
2014-09-24,-163.03
2014-09-25,-167.21
2014-09-26,-177.66
2014-09-27,0
2014-09-28,0
2014-09-29,-173.48
2014-09-30,-173.48
2014-10-01,0
2014-10-02,0
2014-10-03,0
2014-10-04,0
2014-10-05,0
2014-10-06,0
2014-10-07,0
2014-10-08,-186.01
2014-10-09,-194.37
2014-10-10,-217.36
2014-10-11,0
2014-10-12,0
2014-10-13,-213.18
2014-10-14,-213.18
2014-10-15,-213.18
2014-10-16,-215.27
2014-10-17,-215.27
2014-10-18,0
2014-10-19,0
2014-10-20,-227.81
2014-10-21,-234.07
2014-10-22,-234.07
2014-10-23,-231.98
2014-10-24,-238.25
2014-10-25,0
2014-10-26,0
2014-10-27,-250.79
2014-10-28,-267.51
2014-10-29,-275.86
2014-10-30,-282.13
2014-10-31,-288.4
2014-11-01,0
2014-11-02,0
2014-11-03,-311.39
2014-11-04,-328.1
2014-11-05,-334.37
2014-11-06,-344.82
2014-11-07,-361.54
2014-11-08,0
2014-11-09,0
2014-11-10,-361.54
2014-11-11,-353.18
2014-11-12,-319.74
2014-11-13,-309.3
2014-11-14,-303.03
2014-11-15,0
2014-11-16,0
2014-11-17,-277.95
2014-11-18,-282.13
2014-11-19,-280.04
2014-11-20,-236.16
2014-11-21,-221.54
2014-11-22,0
2014-11-23,0
2014-11-24,-225.72
2014-11-25,-229.9
2014-11-26,-234.07
2014-11-27,-238.25
2014-11-28,-231.98
2014-11-29,0
2014-11-30,0
2014-12-01,-234.07
2014-12-02,-221.54
2014-12-03,-192.28
2014-12-04,-213.18
2014-12-05,-221.54
2014-12-06,0
2014-12-07,0
2014-12-08,-252.88
2014-12-09,-326.01
2014-12-10,-338.55
2014-12-11,-355.27
2014-12-12,-365.71
2014-12-13,0
2014-12-14,0
2014-12-15,-382.43
2014-12-16,-440.94
2014-12-17,-570.49
2014-12-18,-737.65
2014-12-19,-775.26
2014-12-20,0
2014-12-21,0
2014-12-22,-727.2
2014-12-23,-817.05
2014-12-24,-781.53
2014-12-25,-760.64
2014-12-26,-746.01
2014-12-27,0
2014-12-28,0
2014-12-29,-752.28
2014-12-30,-781.53
2014-12-31,-787.8
2015-01-01,0
2015-01-02,0
2015-01-03,0
2015-01-04,0
2015-01-05,-850.54
2015-01-06,-844.22
2015-01-07,-848.41
2015-01-08,-848.41
2015-01-09,-848.41
2015-01-10,0
2015-01-11,0
2015-01-12,-874.05
2015-01-13,-886.87
2015-01-14,-880.46
2015-01-15,-844.22
2015-01-16,-833.77
2015-01-17,0
2015-01-18,0
2015-01-19,-789.89
2015-01-20,-796.16
2015-01-21,-771.08
2015-01-22,-775.26
2015-01-23,-787.8
2015-01-24,0
2015-01-25,0
2015-01-26,-806.61
2015-01-27,-808.69
2015-01-28,-787.8
2015-01-29,-783.62
2015-01-30,-789.89
2015-01-31,0
2015-02-01,0
2015-02-02,-781.53
2015-02-03,-762.73
2015-02-04,-714.67
2015-02-05,-729.29
2015-02-06,-706.31
2015-02-07,0
2015-02-08,0
2015-02-09,-704.22
2015-02-10,-718.85
2015-02-11,-716.76
2015-02-12,-695.86
2015-02-13,-662.43
2015-02-14,0
2015-02-15,0
2015-02-16,-660.34
2015-02-17,-660.34
2015-02-18,0
2015-02-19,0
2015-02-20,0
2015-02-21,0
2015-02-22,0
2015-02-23,0
2015-02-24,0
2015-02-25,-595.56
2015-02-26,-555.86
2015-02-27,-526.61
2015-02-28,0
2015-03-01,0
2015-03-02,-397.06
2015-03-03,-401.24
2015-03-04,-436.76
2015-03-05,-440.94
2015-03-06,-424.22
2015-03-07,0
2015-03-08,0
2015-03-09,-415.86
2015-03-10,-392.88
2015-03-11,-397.06
2015-03-12,-380.34
2015-03-13,-351.09
2015-03-14,0
2015-03-15,0
2015-03-16,-353.18
2015-03-17,-378.25
2015-03-18,-397.06
2015-03-19,-426.31
2015-03-20,-430.49
2015-03-21,0
2015-03-22,0
2015-03-23,-443.03
2015-03-24,-415.86
2015-03-25,-415.86
2015-03-26,-409.59
2015-03-27,-417.95
2015-03-28,0
2015-03-29,0
2015-03-30,-422.13
2015-03-31,-411.68
2015-04-01,-234.72
2015-04-02,-215.92
2015-04-03,-228.46
2015-04-04,0
2015-04-05,0
2015-04-06,0
2015-04-07,-218.01
2015-04-08,-211.74
2015-04-09,-213.83
2015-04-10,-220.1
2015-04-11,0
2015-04-12,0
2015-04-13,-199.2
2015-04-14,-199.2
2015-04-15,-182.49
2015-04-16,-121.89
2015-04-17,-107.26
2015-04-18,0
2015-04-19,0
2015-04-20,-52.94
2015-04-21,-61.29
2015-04-22,-84.28
2015-04-23,-86.37
2015-04-24,-80.1
2015-04-25,0
2015-04-26,0
2015-04-27,-65.47
2015-04-28,-61.29
2015-04-29,-73.83
2015-04-30,-65.47
2015-05-01,0
2015-05-02,0
2015-05-03,0
2015-05-04,-73.83
2015-05-05,-71.74
2015-05-06,-78.01
2015-05-07,-90.55
2015-05-08,-99.95
2015-05-09,0
2015-05-10,0
2015-05-11,-92.64
2015-05-12,-118.76
2015-05-13,-115.62
2015-05-14,-118.76
2015-05-15,-106.22
2015-05-16,0
2015-05-17,0
2015-05-18,-122.93
2015-05-19,-132.34
2015-05-20,-149.05
2015-05-21,-135.47
2015-05-22,-126.07
2015-05-23,0
2015-05-24,0
2015-05-25,-130.25
2015-05-26,-115.62
2015-05-27,-127.11
2015-05-28,-127.11
2015-05-29,-121.89
2015-05-30,0
2015-05-31,0
2015-06-01,-119.8
2015-06-02,-125.02
2015-06-03,-134.43
2015-06-04,-151.14
2015-06-05,-155.32
2015-06-06,0
2015-06-07,0
2015-06-08,-157.41
2015-06-09,-157.41
2015-06-10,-154.28
2015-06-11,-165.77
2015-06-12,-161.59
2015-06-13,0
2015-06-14,0
2015-06-15,-156.37
2015-06-16,-149.05
2015-06-17,-141.74
2015-06-18,-151.14
2015-06-19,-151.14
2015-06-20,0
2015-06-21,0
2015-06-22,0
2015-06-23,-153.23
2015-06-24,-151.14
2015-06-25,-151.14
2015-06-26,-155.32
2015-06-27,0
2015-06-28,0
2015-06-29,-161.59
2015-06-30,-165.77
2015-07-01,-167.86
2015-07-02,-169.95
2015-07-03,-172.04
2015-07-04,0
2015-07-05,0
2015-07-06,-176.22
2015-07-07,-207.56
2015-07-08,-395.62
2015-07-09,-240.99
2015-07-10,-226.37
2015-07-11,0
2015-07-12,0
2015-07-13,-234.72
2015-07-14,-249.35
2015-07-15,-255.62
2015-07-16,-282.78
2015-07-17,-277.56
2015-07-18,0
2015-07-19,0
2015-07-20,-282.78
2015-07-21,-297.41
2015-07-22,-297.41
2015-07-23,-309.95
2015-07-24,-318.31
2015-07-25,0
2015-07-26,0
2015-07-27,-401.89
2015-07-28,-418.6
2015-07-29,-413.38
2015-07-30,-407.11
2015-07-31,-416.51
2015-08-01,0
2015-08-02,0
2015-08-03,-498.01
2015-08-04,-508.45
2015-08-05,-504.27
2015-08-06,-512.63
2015-08-07,-529.35
2015-08-08,0
2015-08-09,0
2015-08-10,-516.81
2015-08-11,-486.51
2015-08-12,-489.65
2015-08-13,-470.84
2015-08-14,-485.47
2015-08-15,0
2015-08-16,0
2015-08-17,-499.05
2015-08-18,-528.3
2015-08-19,-535.62
2015-08-20,-556.51
2015-08-21,-562.78
2015-08-22,0
2015-08-23,0
2015-08-24,-630.69
2015-08-25,-679.79
2015-08-26,-677.7
2015-08-27,-640.09
2015-08-28,-587.86
2015-08-29,0
2015-08-30,0
2015-08-31,-625.47
2015-09-01,-619.2
2015-09-02,-638
2015-09-03,0
2015-09-04,0
2015-09-05,0
2015-09-06,0
2015-09-07,-627.56
2015-09-08,-646.36
2015-09-09,-627.56
2015-09-10,-629.65
2015-09-11,-618.15
2015-09-12,0
2015-09-13,0
2015-09-14,-629.65
2015-09-15,-628.6
2015-09-16,-621.29
2015-09-17,-604.57
2015-09-18,-607.71
2015-09-19,0
2015-09-20,0
2015-09-21,-603.53
2015-09-22,-597.26
2015-09-23,-589.94
2015-09-24,-594.12
2015-09-25,-608.75
2015-09-26,0
2015-09-27,0
2015-09-28,-618.15
2015-09-29,-623.38
2015-09-30,-627.56
2015-10-01,0
2015-10-02,0
2015-10-03,0
2015-10-04,0
2015-10-05,0
2015-10-06,0
2015-10-07,0
2015-10-08,-588.9
2015-10-09,-560.69
2015-10-10,0
2015-10-11,0
2015-10-12,-560.69
2015-10-13,-569.05
2015-10-14,-578.45
2015-10-15,-589.94
2015-10-16,-611.88
2015-10-17,0
2015-10-18,0
2015-10-19,-617.11
2015-10-20,-632.78
2015-10-21,-635.91
2015-10-22,-631.74
2015-10-23,-644.27
2015-10-24,0
2015-10-25,0
2015-10-26,-651.59
2015-10-27,-670.39
2015-10-28,-667.26
2015-10-29,-672.48
2015-10-30,-674.57
2015-10-31,0
2015-11-01,0
2015-11-02,-655.76
2015-11-03,-666.21
2015-11-04,-632.78
2015-11-05,-627.56
2015-11-06,-609.8
2015-11-07,0
2015-11-08,0
2015-11-09,-585.77
2015-11-10,-597.26
2015-11-11,-602.48
2015-11-12,-597.26
2015-11-13,-565.92
2015-11-14,0
2015-11-15,0
2015-11-16,-558.6
2015-11-17,-574.27
2015-11-18,-584.72
2015-11-19,-596.21
2015-11-20,-588.9
2015-11-21,0
2015-11-22,0
2015-11-23,-625.47
2015-11-24,-633.82
2015-11-25,-604.57
2015-11-26,-581.59
2015-11-27,-608.75
2015-11-28,0
2015-11-29,0
2015-11-30,-640.09
2015-12-01,-58.26
2015-12-02,-62.44
2015-12-03,-91.69
2015-12-04,-86.47
2015-12-05,0
2015-12-06,0
2015-12-07,-74.97
2015-12-08,-93.78
2015-12-09,-94.82
2015-12-10,-102.14
2015-12-11,-94.82
2015-12-12,0
2015-12-13,0
2015-12-14,-102.14
2015-12-15,-100.05
2015-12-16,-97.96
2015-12-17,-107.36
2015-12-18,-124.08
2015-12-19,0
2015-12-20,0
2015-12-21,-128.26
2015-12-22,-127.21
2015-12-23,-127.21
2015-12-24,-118.85
2015-12-25,-117.81
2015-12-26,0
2015-12-27,0
2015-12-28,-130.35
2015-12-29,-150.2
2015-12-30,-153.33
2015-12-31,-154.38
2016-01-01,0
2016-01-02,0
2016-01-03,0
2016-01-04,-155.42
2016-01-05,-156.47
2016-01-06,-137.66
2016-01-07,-123.03
2016-01-08,-85.42
2016-01-09,0
2016-01-10,0
2016-01-11,-129.3
2016-01-12,-150.2
2016-01-13,-164.82
2016-01-14,-156.47
2016-01-15,-152.29
2016-01-16,0
2016-01-17,0
2016-01-18,-142.88
2016-01-19,-127.21
2016-01-20,-143.93
2016-01-21,-147.06
2016-01-22,-147.06
2016-01-23,0
2016-01-24,0
2016-01-25,-143.93
2016-01-26,-129.3
2016-01-27,-132.44
2016-01-28,-132.44
2016-01-29,-130.35
2016-01-30,0
2016-01-31,0
2016-02-01,-146.02
2016-02-02,-144.97
2016-02-03,-141.84
2016-02-04,0
2016-02-05,0
2016-02-06,0
2016-02-07,0
2016-02-08,0
2016-02-09,0
2016-02-10,0
2016-02-11,0
2016-02-12,0
2016-02-13,0
2016-02-14,0
2016-02-15,-110.5
2016-02-16,-113.63
2016-02-17,-103.18
2016-02-18,-99
2016-02-19,-71.84
2016-02-20,0
2016-02-21,0
2016-02-22,-69.75
2016-02-23,-65.57
2016-02-24,-68.7
2016-02-25,-87.51
2016-02-26,-93.78
2016-02-27,0
2016-02-28,0
2016-02-29,-76.02
2016-03-01,-85.42
2016-03-02,-94.82
2016-03-03,-94.82
2016-03-04,-85.42
2016-03-05,0
2016-03-06,0
2016-03-07,-38.41
2016-03-08,-42.59
2016-03-09,-19.6
2016-03-10,-20.65
2016-03-11,-24.82
2016-03-12,0
2016-03-13,0
2016-03-14,-17.51
2016-03-15,-23.78
2016-03-16,-16.47
2016-03-17,5.47
2016-03-18,25.32
2016-03-19,0
2016-03-20,0
2016-03-21,62.94
2016-03-22,51.44
2016-03-23,31.59
2016-03-24,10.7
2016-03-25,2.34
2016-03-26,0
2016-03-27,0
2016-03-28,-14.38
2016-03-29,-21.69
2016-03-30,-25.87
2016-03-31,-39.45
2016-04-01,-38.82
2016-04-02,0
2016-04-03,0
2016-04-04,0
2016-04-05,-55.12
2016-04-06,-51.99
2016-04-07,-51.99
2016-04-08,-62.44
2016-04-09,0
2016-04-10,0
2016-04-11,-64.53
2016-04-12,-64.53
2016-04-13,-31.09
2016-04-14,-20.65
2016-04-15,-23.78
2016-04-16,0
2016-04-17,0
2016-04-18,-24.82
2016-04-19,-17.51
2016-04-20,-26.91
2016-04-21,-1.84
2016-04-22,-12.29
2016-04-23,0
2016-04-24,0
2016-04-25,-3.93
2016-04-26,-1.84
2016-04-27,3.38
2016-04-28,-2.88
2016-04-29,-0.8
2016-04-30,0
2016-05-01,0
2016-05-02,0
2016-05-03,-12.29
2016-05-04,-17.51
2016-05-05,-20.65
2016-05-06,-30.05
2016-05-07,0
2016-05-08,0
2016-05-09,-40.5
2016-05-10,-40.5
2016-05-11,-35.27
2016-05-12,-35.27
2016-05-13,-41.54
2016-05-14,0
2016-05-15,0
2016-05-16,-30.05
2016-05-17,-38.41
2016-05-18,-45.72
2016-05-19,-51.99
2016-05-20,-46.76
2016-05-21,0
2016-05-22,0
2016-05-23,-58.26
2016-05-24,-60.35
2016-05-25,-61.39
2016-05-26,-53.03
2016-05-27,-54.08
2016-05-28,0
2016-05-29,0
2016-05-30,-46.76
2016-05-31,-38.41
2016-06-01,-48.85
2016-06-02,-40.5
2016-06-03,-38.41
2016-06-04,0
2016-06-05,0
2016-06-06,-43.63
2016-06-07,-43.63
2016-06-08,-43.63
2016-06-09,0
2016-06-10,0
2016-06-11,0
2016-06-12,0
2016-06-13,-54.08
2016-06-14,-59.3
2016-06-15,-59.3
2016-06-16,-61.39
2016-06-17,-59.3
2016-06-18,0
2016-06-19,0
2016-06-20,-46.76
2016-06-21,-45.72
2016-06-22,-54.08
2016-06-23,-55.12
2016-06-24,-68.7
2016-06-25,0
2016-06-26,0
2016-06-27,-53.03
2016-06-28,-38.41
2016-06-29,-35.27
2016-06-30,-29
2016-07-01,-35.27
2016-07-02,0
2016-07-03,0
2016-07-04,-6.02
2016-07-05,-24.82
2016-07-06,-35.27
2016-07-07,-26.91
2016-07-08,-49.9
2016-07-09,0
2016-07-10,0
2016-07-11,-51.99
2016-07-12,-41.54
2016-07-13,-31.09
2016-07-14,-37.36
2016-07-15,-44.68
2016-07-16,0
2016-07-17,0
2016-07-18,-51.99
2016-07-19,-56.17
2016-07-20,-62.44
2016-07-21,-55.12
2016-07-22,-62.44
2016-07-23,0
2016-07-24,0
2016-07-25,-65.57
2016-07-26,-76.02
2016-07-27,-74.97
2016-07-28,-78.11
2016-07-29,-72.88
2016-07-30,0
2016-07-31,0
2016-08-01,-53.03
2016-08-02,-51.99
2016-08-03,-57.21
2016-08-04,-58.26
2016-08-05,-57.21
2016-08-06,0
2016-08-07,0
2016-08-08,-60.35
2016-08-09,-56.17
2016-08-10,-58.26
2016-08-11,-56.17
2016-08-12,-59.3
2016-08-13,0
2016-08-14,0
2016-08-15,-45.72
2016-08-16,-42.59
2016-08-17,-40.5
2016-08-18,-40.5
2016-08-19,-40.5
2016-08-20,0
2016-08-21,0
2016-08-22,-48.85
2016-08-23,-49.9
2016-08-24,-50.94
2016-08-25,-53.03
2016-08-26,-54.08
2016-08-27,0
2016-08-28,0
2016-08-29,-63.48
2016-08-30,-66.62
2016-08-31,-68.7
2016-09-01,-66.62
2016-09-02,-62.44
2016-09-03,0
2016-09-04,0
2016-09-05,-53.03
2016-09-06,-41.54
2016-09-07,-40.5
2016-09-08,-33.18
2016-09-09,-33.18
2016-09-10,0
2016-09-11,0
2016-09-12,-18.56
2016-09-13,-29
2016-09-14,-22.74
2016-09-15,0
2016-09-16,0
2016-09-17,0
2016-09-18,0
2016-09-19,-0.8
2016-09-20,9.65
2016-09-21,2.34
2016-09-22,-3.93
2016-09-23,-10.2
2016-09-24,0
2016-09-25,0
2016-09-26,-12.29
2016-09-27,-12.29
2016-09-28,2.34
2016-09-29,56.67
2016-09-30,57.71
2016-10-01,0
2016-10-02,0
2016-10-03,0
2016-10-04,0
2016-10-05,0
2016-10-06,0
2016-10-07,0
2016-10-08,0
2016-10-09,0
2016-10-10,169.5
2016-10-11,213.4
2016-10-12,227
2016-10-13,208.2
2016-10-14,220.7
2016-10-15,0
2016-10-16,0
2016-10-17,229.1
2016-10-18,234.3
2016-10-19,248.9
2016-10-20,243.7
2016-10-21,219.7
2016-10-22,0
2016-10-23,0
2016-10-24,224.9
2016-10-25,265.6
2016-10-26,278.2
2016-10-27,289.6
2016-10-28,323.1
2016-10-29,0
2016-10-30,0
2016-10-31,411.9
2016-11-01,415
2016-11-02,379.5
2016-11-03,374.3
2016-11-04,364.9
2016-11-05,0
2016-11-06,0
2016-11-07,380.5
2016-11-08,351.3
2016-11-09,386.8
2016-11-10,377.4
2016-11-11,441.1
2016-11-12,0
2016-11-13,0
2016-11-14,365.9
2016-11-15,351.3
2016-11-16,379.5
2016-11-17,439.1
2016-11-18,441.1
2016-11-19,0
2016-11-20,0
2016-11-21,523.7
2016-11-22,526.8
2016-11-23,542.5
2016-11-24,513.2
2016-11-25,498.6
2016-11-26,0
2016-11-27,0
2016-11-28,523.7
2016-11-29,520.5
2016-11-30,486.1
2016-12-01,505.9
2016-12-02,549.8
2016-12-03,0
2016-12-04,0
2016-12-05,614.6
2016-12-06,689.8
2016-12-07,823.5
2016-12-08,863.2
2016-12-09,838.2
2016-12-10,0
2016-12-11,0
2016-12-12,879.9
2016-12-13,857
2016-12-14,938.4
2016-12-15,1009
2016-12-16,1106
2016-12-17,0
2016-12-18,0
2016-12-19,1047
2016-12-20,936.4
2016-12-21,1012
2016-12-22,1053
2016-12-23,1030
2016-12-24,0
2016-12-25,0
2016-12-26,1018
2016-12-27,1043
2016-12-28,1035
2016-12-29,1026
2016-12-30,1009
2016-12-31,0
2017-01-01,0
2017-01-02,0
2017-01-03,982.3
2017-01-04,942.6
2017-01-05,940.5
2017-01-06,932.2
2017-01-07,0
2017-01-08,0
2017-01-09,923.8
2017-01-10,893.5
2017-01-11,848.6
2017-01-12,836.1
2017-01-13,859
2017-01-14,0
2017-01-15,0
2017-01-16,937.4
2017-01-17,914.4
2017-01-18,917.6
2017-01-19,889.3
2017-01-20,890.4
2017-01-21,0
2017-01-22,0
2017-01-23,906.1
2017-01-24,915.5
2017-01-25,915.5
2017-01-26,0
2017-01-27,0
2017-01-28,0
2017-01-29,0
2017-01-30,0
2017-01-31,0
2017-02-01,0
2017-02-02,0
2017-02-03,941.6
2017-02-04,0
2017-02-05,0
2017-02-06,933.2
2017-02-07,935.3
2017-02-08,913.4
2017-02-09,930.1
2017-02-10,921.7
2017-02-11,0
2017-02-12,0
2017-02-13,990.7
2017-02-14,1039
2017-02-15,1077
2017-02-16,1081
2017-02-17,1078
2017-02-18,0
2017-02-19,0
2017-02-20,1070
2017-02-21,1041
2017-02-22,1042
2017-02-23,969.8
2017-02-24,953.1
2017-02-25,0
2017-02-26,0
2017-02-27,978.1
2017-02-28,963.5
2017-03-01,946.8
2017-03-02,925.9
2017-03-03,921.7
2017-03-04,0
2017-03-05,0
2017-03-06,919.6
2017-03-07,911.3
2017-03-08,871.6
2017-03-09,821.4
2017-03-10,829.8
2017-03-11,0
2017-03-12,0
2017-03-13,756.7
2017-03-14,762.9
2017-03-15,802.6
2017-03-16,771.3
2017-03-17,767.1
2017-03-18,0
2017-03-19,0
2017-03-20,746.2
2017-03-21,656.4
2017-03-22,587.4
2017-03-23,587.4
2017-03-24,583.2
2017-03-25,0
2017-03-26,0
2017-03-27,556.1
2017-03-28,579
2017-03-29,606.2
2017-03-30,597.9
2017-03-31,609.3
2017-04-01,0
2017-04-02,0
2017-04-03,0
2017-04-04,0
2017-04-05,620.8
2017-04-06,652.2
2017-04-07,683.5
2017-04-08,0
2017-04-09,0
2017-04-10,645.9
2017-04-11,650.1
2017-04-12,635.5
2017-04-13,591.6
2017-04-14,570.7
2017-04-15,0
2017-04-16,0
2017-04-17,572.8
2017-04-18,537.3
2017-04-19,554
2017-04-20,539.3
2017-04-21,533.1
2017-04-22,0
2017-04-23,0
2017-04-24,522.6
2017-04-25,487.1
2017-04-26,486.1
2017-04-27,476.7
2017-04-28,468.3
2017-04-29,0
2017-04-30,0
2017-05-01,0
2017-05-02,468.3
2017-05-03,449.5
2017-05-04,401.4
2017-05-05,323.1
2017-05-06,0
2017-05-07,0
2017-05-08,334.6
2017-05-09,306.4
2017-05-10,297
2017-05-11,290.7
2017-05-12,279.2
2017-05-13,0
2017-05-14,0
2017-05-15,288.6
2017-05-16,303.2
2017-05-17,325.2
2017-05-18,316.8
2017-05-19,384.7
2017-05-20,0
2017-05-21,0
2017-05-22,399.3
2017-05-23,375.3
2017-05-24,374.3
2017-05-25,397.3
2017-05-26,373.2
2017-05-27,0
2017-05-28,0
2017-05-29,0
2017-05-30,0
2017-05-31,346.1
2017-06-01,309.5
2017-06-02,307.4
2017-06-03,0
2017-06-04,0
2017-06-05,318.9
2017-06-06,319.9
2017-06-07,334.6
2017-06-08,336.7
2017-06-09,359.6
2017-06-10,0
2017-06-11,0
2017-06-12,382.6
2017-06-13,353.4
2017-06-14,344
2017-06-15,351.3
2017-06-16,372.2
2017-06-17,0
2017-06-18,0
2017-06-19,416.1
2017-06-20,399.3
2017-06-21,396.2
2017-06-22,386.8
2017-06-23,378.5
2017-06-24,0
2017-06-25,0
2017-06-26,361.7
2017-06-27,351.3
2017-06-28,344
2017-06-29,359.6
2017-06-30,351.3
2017-07-01,0
2017-07-02,0
2017-07-03,352.7
2017-07-04,340.1
2017-07-05,368.3
2017-07-06,368.3
2017-07-07,402.8
2017-07-08,0
2017-07-09,0
2017-07-10,403.8
2017-07-11,428.9
2017-07-12,426.8
2017-07-13,401.8
2017-07-14,413.2
2017-07-15,0
2017-07-16,0
2017-07-17,425.8
2017-07-18,443.5
2017-07-19,451.9
2017-07-20,454
2017-07-21,421.6
2017-07-22,0
2017-07-23,0
2017-07-24,401.8
2017-07-25,398.6
2017-07-26,360
2017-07-27,349.5
2017-07-28,349.5
2017-07-29,0
2017-07-30,0
2017-07-31,344.3
2017-08-01,374.6
2017-08-02,376.7
2017-08-03,397.6
2017-08-04,413.2
2017-08-05,0
2017-08-06,0
2017-08-07,403.8
2017-08-08,427.9
2017-08-09,447.7
2017-08-10,466.5
2017-08-11,445.6
2017-08-12,0
2017-08-13,0
2017-08-14,440.4
2017-08-15,412.2
2017-08-16,424.7
2017-08-17,479.1
2017-08-18,485.3
2017-08-19,0
2017-08-20,0
2017-08-21,525
2017-08-22,516.7
2017-08-23,541.8
2017-08-24,530.3
2017-08-25,541.8
2017-08-26,0
2017-08-27,0
2017-08-28,543.8
2017-08-29,606.5
2017-08-30,654.6
2017-08-31,673.4
2017-09-01,719.4
2017-09-02,0
2017-09-03,0
2017-09-04,800.9
2017-09-05,758
2017-09-06,786.2
2017-09-07,867.7
2017-09-08,856.2
2017-09-09,0
2017-09-10,0
2017-09-11,847.9
2017-09-12,868.8
2017-09-13,864.6
2017-09-14,845.8
2017-09-15,797.7
2017-09-16,0
2017-09-17,0
2017-09-18,776.8
2017-09-19,772.6
2017-09-20,795.6
2017-09-21,758
2017-09-22,730.9
2017-09-23,0
2017-09-24,0
2017-09-25,683.8
2017-09-26,729.8
2017-09-27,711
2017-09-28,714.1
2017-09-29,755.9
2017-09-30,0
2017-10-01,0
2017-10-02,0
2017-10-03,0
2017-10-04,0
2017-10-05,0
2017-10-06,0
2017-10-07,0
2017-10-08,0
2017-10-09,0
2017-10-10,770.6
2017-10-11,758
2017-10-12,720.4
2017-10-13,762.2
2017-10-14,0
2017-10-15,0
2017-10-16,747.6
2017-10-17,747.6
2017-10-18,783.1
2017-10-19,758
2017-10-20,772.6
2017-10-21,0
2017-10-22,0
2017-10-23,815.5
2017-10-24,839.5
2017-10-25,834.3
2017-10-26,808.2
2017-10-27,806.1
2017-10-28,0
2017-10-29,0
2017-10-30,793.5
2017-10-31,772.6
2017-11-01,795.6
2017-11-02,831.2
2017-11-03,835.3
2017-11-04,0
2017-11-05,0
2017-11-06,870.9
2017-11-07,879.2
2017-11-08,885.5
2017-11-09,921
2017-11-10,909.5
2017-11-11,0
2017-11-12,0
2017-11-13,903.2
2017-11-14,948.2
2017-11-15,910.6
2017-11-16,923.1
2017-11-17,940.9
2017-11-18,0
2017-11-19,0
2017-11-20,965.9
2017-11-21,1028
2017-11-22,1115
2017-11-23,1115
2017-11-24,1104
2017-11-25,0
2017-11-26,0
2017-11-27,1117
2017-11-28,1038
2017-11-29,1122
2017-11-30,1239
2017-12-01,1178
2017-12-02,0
2017-12-03,0
2017-12-04,1368
2017-12-05,1400
2017-12-06,1445
2017-12-07,1393
2017-12-08,1366
2017-12-09,0
2017-12-10,0
2017-12-11,1372
2017-12-12,1374
2017-12-13,1533
2017-12-14,1638
2017-12-15,1525
2017-12-16,0
2017-12-17,0
2017-12-18,1508
2017-12-19,1491
2017-12-20,1533
2017-12-21,1485
2017-12-22,1481
2017-12-23,0
2017-12-24,0
2017-12-25,1479
2017-12-26,1429
2017-12-27,1333
2017-12-28,1232
2017-12-29,1264
2017-12-30,0
2017-12-31,0
2018-01-01,0
2018-01-02,1305
2018-01-03,1314
2018-01-04,1328
2018-01-05,1454
2018-01-06,0
2018-01-07,0
2018-01-08,1560
2018-01-09,1523
2018-01-10,1548
2018-01-11,1533
2018-01-12,1527
2018-01-13,0
2018-01-14,0
2018-01-15,1414
2018-01-16,1305
2018-01-17,1274
2018-01-18,1414
2018-01-19,1379
2018-01-20,0
2018-01-21,0
2018-01-22,1310
2018-01-23,1318
2018-01-24,1318
2018-01-25,1303
2018-01-26,1285
2018-01-27,0
2018-01-28,0
2018-01-29,1328
2018-01-30,1314
2018-01-31,1262
2018-02-01,1241
2018-02-02,1249
2018-02-03,0
2018-02-04,0
2018-02-05,1251
2018-02-06,1257
2018-02-07,1249
2018-02-08,1243
2018-02-09,1199
2018-02-10,0
2018-02-11,0
2018-02-12,0
2018-02-13,0
2018-02-14,0
2018-02-15,0
2018-02-16,0
2018-02-17,0
2018-02-18,0
2018-02-19,0
2018-02-20,0
2018-02-21,0
2018-02-22,1078
2018-02-23,1014
2018-02-24,0
2018-02-25,0
2018-02-26,992
2018-02-27,806.1
2018-02-28,787.3
2018-03-01,770.6
2018-03-02,751.7
2018-03-03,0
2018-03-04,0
2018-03-05,760.1
2018-03-06,732.9
2018-03-07,703.7
2018-03-08,716.2
2018-03-09,726.7
2018-03-10,0
2018-03-11,0
2018-03-12,776.8
2018-03-13,797.7
2018-03-14,801.9
2018-03-15,875
2018-03-16,818.6
2018-03-17,0
2018-03-18,0
2018-03-19,845.8
2018-03-20,859.4
2018-03-21,876.1
2018-03-22,916.8
2018-03-23,872.9
2018-03-24,0
2018-03-25,0
2018-03-26,883.4
2018-03-27,868.8
2018-03-28,879.2
2018-03-29,877.1
2018-03-30,875
2018-03-31,0
2018-04-01,0
2018-04-02,877.1
2018-04-03,863.5
2018-04-04,833.2
2018-04-05,0
2018-04-06,0
2018-04-07,0
2018-04-08,0
2018-04-09,879.2
2018-04-10,868.8
2018-04-11,854.1
2018-04-12,866.7
2018-04-13,879.2
2018-04-14,0
2018-04-15,0
2018-04-16,1011
2018-04-17,1009
2018-04-18,1103
2018-04-19,1117
2018-04-20,1023
2018-04-21,0
2018-04-22,0
2018-04-23,1017
2018-04-24,1061
2018-04-25,1094
2018-04-26,1097
2018-04-27,1142
2018-04-28,0
2018-04-29,0
2018-04-30,0
2018-05-01,0
2018-05-02,1237
2018-05-03,1199
2018-05-04,1226
2018-05-05,0
2018-05-06,0
2018-05-07,1245
2018-05-08,1321
2018-05-09,1357
2018-05-10,1366
2018-05-11,1235
2018-05-12,0
2018-05-13,0
2018-05-14,1222
2018-05-15,1224
2018-05-16,1353
2018-05-17,1350
2018-05-18,1292
2018-05-19,0
2018-05-20,0
2018-05-21,1210
2018-05-22,1125
2018-05-23,1083
2018-05-24,1091
2018-05-25,1085
2018-05-26,0
2018-05-27,0
2018-05-28,1072
2018-05-29,1062
2018-05-30,1062
2018-05-31,1062
2018-06-01,1060
2018-06-02,0
2018-06-03,0
2018-06-04,1053
2018-06-05,998.5
2018-06-06,993.2
2018-06-07,1007
2018-06-08,996.4
2018-06-09,0
2018-06-10,0
2018-06-11,1018
2018-06-12,1050
2018-06-13,1060
2018-06-14,1055
2018-06-15,1022
2018-06-16,0
2018-06-17,0
2018-06-18,0
2018-06-19,1013
2018-06-20,994.3
2018-06-21,988
2018-06-22,973.2
2018-06-23,0
2018-06-24,0
2018-06-25,979.5
2018-06-26,945.8
2018-06-27,966.9
2018-06-28,1009
2018-06-29,996.4
2018-06-30,0
2018-07-01,0
2018-07-02,1003
2018-07-03,983.7
2018-07-04,1018
2018-07-05,1060
2018-07-06,1082
2018-07-07,0
2018-07-08,0
2018-07-09,1089
2018-07-10,1066
2018-07-11,1067
2018-07-12,1068
2018-07-13,1065
2018-07-14,0
2018-07-15,0
2018-07-16,1055
2018-07-17,1034
2018-07-18,1030
2018-07-19,1083
2018-07-20,1083
2018-07-21,0
2018-07-22,0
2018-07-23,1109
2018-07-24,1085
2018-07-25,1028
2018-07-26,1023
2018-07-27,1019
2018-07-28,0
2018-07-29,0
2018-07-30,1050
2018-07-31,1048
2018-08-01,1045
2018-08-02,1062
2018-08-03,1176
2018-08-04,0
2018-08-05,0
2018-08-06,1233
2018-08-07,1218
2018-08-08,1207
2018-08-09,1203
2018-08-10,1157
2018-08-11,0
2018-08-12,0
2018-08-13,1138
2018-08-14,1235
2018-08-15,1205
2018-08-16,1167
2018-08-17,1176
2018-08-18,0
2018-08-19,0
2018-08-20,1199
2018-08-21,1215
2018-08-22,1254
2018-08-23,1281
2018-08-24,1233
2018-08-25,0
2018-08-26,0
2018-08-27,1239
2018-08-28,1269
2018-08-29,1243
2018-08-30,1230
2018-08-31,1252
2018-09-01,0
2018-09-02,0
2018-09-03,1215
2018-09-04,1220
2018-09-05,1256
2018-09-06,1260
2018-09-07,1300
2018-09-08,0
2018-09-09,0
2018-09-10,1337
2018-09-11,1338
2018-09-12,1277
2018-09-13,1272
2018-09-14,1279
2018-09-15,0
2018-09-16,0
2018-09-17,1274
2018-09-18,1275
2018-09-19,1302
2018-09-20,1302
2018-09-21,1288
2018-09-22,0
2018-09-23,0
2018-09-24,0
2018-09-25,1290
2018-09-26,1268
2018-09-27,1269
2018-09-28,1251
2018-09-29,0
2018-10-08,1286
2018-10-09,1372
2018-10-10,1404
2018-10-11,1376
2018-10-12,1384
2018-10-15,1446
2018-10-16,1404
2018-10-17,1382
2018-10-18,1366
2018-10-19,1368
2018-10-22,1357
2018-10-23,1341
2018-10-24,1336
2018-10-25,1292
2018-10-26,1291
2018-10-29,1178
2018-10-30,1128
2018-10-31,1125
2018-11-01,1089
2018-11-02,1063
2018-11-05,1112
2018-11-06,1054
2018-11-07,994.3
2018-11-08,1005
2018-11-09,990.1
2018-11-12,979.5
2018-11-13,886.7
2018-11-14,810.7
2018-11-15,795.9
2018-11-16,802.3
2018-11-19,808.6
2018-11-20,753.7
2018-11-21,694.6
2018-11-22,650.3
2018-11-23,618.7
2018-11-26,460.4
2018-11-27,455.1
2018-11-28,494.1
2018-11-29,508.9
2018-11-30,487.8
2018-12-03,460.4
2018-12-04,462.5
2018-12-05,515.2
2018-12-06,519.5
2018-12-07,546.9
2018-12-10,553.2
2018-12-11,487.8
2018-12-12,451.9
2018-12-13,465.7
2018-12-14,498.4
2018-12-17,504.7
2018-12-18,458.3
2018-12-19,462.5
2018-12-20,473
2018-12-21,455.1
2018-12-24,435.1
2018-12-25,349.6
2018-12-26,361.2
2018-12-27,401.3
2018-12-28,385.5
2019-01-02,404.5
2019-01-03,408.7
2019-01-04,428.7
2019-01-07,449.8
2019-01-08,443.5
2019-01-09,470.9
2019-01-10,457.2
2019-01-11,462.5
2019-01-14,483.6
2019-01-15,454
2019-01-16,475.1
2019-01-17,479.4
2019-01-18,448.8
2019-01-21,515.2
2019-01-22,504.7
2019-01-23,465.7
2019-01-24,466.7
2019-01-25,510
2019-01-28,492
2019-01-29,457.2
2019-01-30,483.6
2019-01-31,523.7
2019-02-01,513.1
2019-02-11,540.6
2019-02-12,539.5
2019-02-13,530
2019-02-14,527.9
2019-02-15,517.4
2019-02-18,473
2019-02-19,462.5
2019-02-20,475.1
2019-02-21,512.1
2019-02-22,517.4
2019-02-25,516.3
2019-02-26,518.4
2019-02-27,538.5
2019-02-28,525.8
2019-03-01,563.8
2019-03-04,632.4
2019-03-05,621.8
2019-03-06,621.8
2019-03-07,618.7
2019-03-08,597.5
2019-03-11,599.7
2019-03-12,616.5
2019-03-13,632.4
2019-03-14,618.7
2019-03-15,594.4
2019-03-18,557.5
2019-03-19,535.3
2019-03-20,545.8
2019-03-21,559.6
2019-03-22,554.3
2019-03-25,551.1
2019-03-26,570.1
2019-03-27,542.7
2019-03-28,511
2019-03-29,508.9
2019-04-01,535.3
2019-04-02,544
2019-04-03,542.9
2019-04-04,540.8
2019-04-08,593
2019-04-09,585.4
2019-04-10,568
2019-04-11,552.7
2019-04-12,557.8
2019-04-15,561.1
2019-04-16,520.8
2019-04-17,524.1
2019-04-18,506.7
2019-04-19,498
2019-04-22,510
2019-04-23,494.7
2019-04-24,477.3
2019-04-25,478.4
2019-04-26,465.4
2019-04-29,451.2
2019-04-30,434.9
2019-05-06,449.1
2019-05-07,468.6
2019-05-08,471.9
2019-05-09,477.3
2019-05-10,491.5
2019-05-13,474.1
2019-05-14,443.6
2019-05-15,442.5
2019-05-16,477.3
2019-05-17,491.5
2019-05-20,544.8
2019-05-21,561.1
2019-05-22,556.7
2019-05-23,542.6
2019-05-24,487.1
2019-05-27,491.5
2019-05-28,480.6
2019-05-29,508.9
2019-05-30,527.4
2019-05-31,488.2
2019-06-03,408.8
2019-06-04,406.6
2019-06-05,414.3
2019-06-06,377.3
2019-06-10,431.7
2019-06-11,412.1
2019-06-12,419.7
2019-06-13,457.8
2019-06-14,445.8
2019-06-17,457.8
2019-06-18,444.7
2019-06-19,469.7
2019-06-20,481.7
2019-06-21,480.6
2019-06-24,500.2
2019-06-25,463.2
2019-06-26,465.4
2019-06-27,442.5
2019-06-28,421.9
2019-07-01,409.9
2019-07-02,421.9
2019-07-03,427.3
2019-07-04,418.6
2019-07-05,421.9
2019-07-08,431.7
2019-07-09,423
2019-07-10,382.7
2019-07-11,387.1
2019-07-12,359.9
2019-07-15,357.7
2019-07-16,326.2
2019-07-17,312
2019-07-18,305.5
2019-07-19,315.3
2019-07-22,310.9
2019-07-23,264.2
2019-07-24,234.8
2019-07-25,228.3
2019-07-26,208.7
2019-07-29,206.5
2019-07-30,214.2
2019-07-31,229.4
2019-08-01,244.6
2019-08-02,264.2
2019-08-05,232.6
2019-08-06,203.3
2019-08-07,219.6
2019-08-08,262
2019-08-09,260.9
2019-08-12,262
2019-08-13,265.3
2019-08-14,291.4
2019-08-15,249
2019-08-16,245.7
2019-08-19,246.8
2019-08-20,242.4
2019-08-21,190.2
2019-08-22,188.1
2019-08-23,196.8
2019-08-26,220.7
2019-08-27,196.8
2019-08-28,189.1
2019-08-29,189.1
2019-08-30,182.6
2019-09-02,220.7
2019-09-03,239.2
2019-09-04,242.4
2019-09-05,246.8
2019-09-06,241.3
2019-09-09,265.3
2019-09-10,277.2
2019-09-11,276.1
2019-09-12,278.3
2019-09-16,352.3
2019-09-17,391.4
2019-09-18,325.1
2019-09-19,320.7
2019-09-20,332.7
2019-09-23,393.6
2019-09-24,379.5
2019-09-25,388.2
2019-09-26,438.2
2019-09-27,424
2019-09-30,456.7
2019-10-08,459.9
2019-10-09,454.5
2019-10-10,443.6
2019-10-11,415.3
2019-10-14,406.6
2019-10-15,367.5
2019-10-16,318.6
2019-10-17,293.5
2019-10-18,307.7
2019-10-21,258.7
2019-10-22,279.4
2019-10-23,259.8
2019-10-24,266.4
2019-10-25,240.3
2019-10-28,230.5
2019-10-29,252.2
2019-10-30,239.2
2019-10-31,241.3
2019-11-01,233.7
2019-11-04,218.5
2019-11-05,217.4
2019-11-06,209.8
2019-11-07,191.3
2019-11-08,169.6
2019-11-11,139.1
2019-11-12,96.71
2019-11-13,102.1
2019-11-14,84.75
2019-11-15,95.62
2019-11-18,103.2
2019-11-19,69.52
2019-11-20,74.96
2019-11-21,99.97
2019-11-22,120.6
2019-11-25,138
2019-11-26,150
2019-11-27,139.1
2019-11-28,128.2
2019-11-29,130.4
2019-12-02,120.6
2019-12-03,132.6
2019-12-04,147.8
2019-12-05,181.5
2019-12-06,160.9
2019-12-09,183.7
2019-12-10,175
2019-12-11,151.1
2019-12-12,163
2019-12-13,185.9
2019-12-16,202.2
2019-12-17,198.9
2019-12-18,210.9
2019-12-19,189.1
2019-12-20,194.6
2019-12-23,209.8
2019-12-24,205.5
2019-12-25,220.7
2019-12-26,249
2019-12-27,277.2
2019-12-30,367.5
2019-12-31,340.3
2020-01-02,328.3
2020-01-03,350.1
2020-01-06,443.6
2020-01-07,436
2020-01-08,507.8
2020-01-09,449.1
2020-01-10,418.6
2020-01-13,545.8
2020-01-14,592.6
2020-01-15,582.8
2020-01-16,571.9
2020-01-17,544.8
2020-01-20,556.7
2020-01-21,539.3
2020-02-10,326.9
2020-02-11,307.3
2020-02-12,278.3
2020-02-13,264.2
2020-02-14,225
2020-02-17,238.1
2020-02-18,234.8
2020-02-19,234.8
2020-02-20,245.7
2020-02-21,231.6
2020-02-24,216.3
2020-02-25,201.1
2020-02-26,217.4
2020-02-27,189.1
2020-02-28,173.9
2020-03-02,169.6
2020-03-03,166.3
2020-03-04,155.4
2020-03-05,147.8
2020-03-06,134.8
2020-03-09,-8.78
2020-03-10,8.62
2020-03-11,39.07
2020-03-12,-6.6
2020-03-13,-7.69
2020-03-16,2.1
2020-03-17,-7.69
2020-03-18,-25.09
2020-03-19,-80.55
2020-03-20,-47.93
2020-03-23,-65.33
2020-03-24,-63.15
2020-03-25,-80.55
2020-03-26,-113.18
2020-03-27,-157.76
2020-03-30,-182.78
2020-03-31,-186.04
2020-04-01,-198
2020-04-02,-178.43
2020-04-03,-149.06
2020-04-07,-97.95
2020-04-08,-103.39
2020-04-09,-70.76
2020-04-10,-43.58
2020-04-13,-21.83
2020-04-14,-75.11
2020-04-15,-102.3
2020-04-16,-116.44
2020-04-17,-113.18
2020-04-20,-118.61
2020-04-21,-164.29
2020-04-22,-190.39
2020-04-23,-146.89
2020-04-24,-103.39
2020-04-27,-151.24
2020-04-28,-153.41
2020-04-29,-141.45
2020-04-30,-117.53
2020-05-06,-80.55
2020-05-07,-91.43
2020-05-08,-117.53
2020-05-11,-109.91
2020-05-12,-130.58
2020-05-13,-154.5
2020-05-14,-141.45
2020-05-15,-97.95
2020-05-18,-131.66
2020-05-19,-143.63
2020-05-20,-134.93
2020-05-21,-121.88
2020-05-22,-158.85
2020-05-25,-178.43
2020-05-26,-202.35
2020-05-27,-195.83
2020-05-28,-209.96
2020-05-29,-229.54
2020-06-01,-239.33
2020-06-02,-265.43
2020-06-03,-241.5
2020-06-04,-240.41
2020-06-05,-230.63
2020-06-08,-224.1
2020-06-09,-254.55
2020-06-10,-266.51
2020-06-11,-271.95
2020-06-12,-278.48
2020-06-15,-271.95
2020-06-16,-278.48
2020-06-17,-268.69
2020-06-18,-254.55
2020-06-19,-203.44
2020-06-22,-180.6
2020-06-23,-162.11
2020-06-24,-152.33
2020-06-29,-175.16
2020-06-30,-186.04
2020-07-01,-198
2020-07-02,-189.3
2020-07-03,-169.725
2020-07-06,-169.725
2020-07-07,-180.6
2020-07-08,-171.9
2020-07-09,-174.075
2020-07-10,-171.9
2020-07-13,-147.975
2020-07-14,-143.625
2020-07-15,-97.9502
2020-07-16,-103.388
2020-07-17,-132.75
2020-07-20,-141.45
2020-07-21,-138.188
2020-07-22,-137.1
2020-07-23,-134.925
2020-07-24,-142.538
2020-07-27,-140.363
2020-07-28,-145.8
2020-07-29,-149.063
2020-07-30,-146.888
2020-07-31,-147.975
2020-08-03,-158.85
2020-08-04,-167.55
2020-08-05,-163.2
2020-08-06,-164.288
2020-08-07,-152.325
2020-08-10,-118.613
2020-08-11,-112.088
2020-08-12,-94.6877
2020-08-13,-77.2877
2020-08-14,-79.4627
2020-08-17,-83.8128
2020-08-18,-78.3752
2020-08-19,-82.7253
2020-08-20,-97.9502
2020-08-21,-88.1627
2020-08-24,-71.8502
2020-08-25,-67.5002
2020-08-26,-58.8002
2020-08-27,-46.8377
2020-08-28,-51.1877
2020-08-31,-21.8253
2020-09-01,32.5498
2020-09-02,68.4373
2020-09-03,64.0873
2020-09-04,77.1373
2020-09-07,132.6
2020-09-08,111.937
2020-09-09,71.6998
2020-09-10,69.5248
2020-09-11,74.9623
2020-09-14,111.937
2020-09-15,168.487
2020-09-16,151.087
2020-09-17,154.35
2020-09-18,146.737
2020-09-21,136.95
2020-09-22,106.5
2020-09-23,99.9747
2020-09-24,89.0998
2020-09-25,97.7997
2020-09-28,95.6248
2020-09-29,71.6998
2020-09-30,59.7372
2020-10-09,71.6998
2020-10-12,102.15
2020-10-13,110.85
2020-10-14,115.2
2020-10-15,119.55
2020-10-16,122.812
2020-10-19,121.725
2020-10-20,115.2
2020-10-21,154.35
2020-10-22,156.525
2020-10-23,145.65
2020-10-26,120.637
2020-10-27,115.2
2020-10-28,124.987
2020-10-29,134.775
2020-10-30,129.337
2020-11-02,120.637
2020-11-03,142.387
2020-11-04,160.875
2020-11-05,161.962
2020-11-06,166.312
2020-11-09,182.625
2020-11-10,233.737
2020-11-11,278.325
2020-11-12,276.15
2020-11-13,313.125
2020-11-16,328.35
2020-11-17,326.175
2020-11-18,339.225
2020-11-19,372.937
2020-11-20,378.375
2020-11-23,387.075
2020-11-24,388.162
2020-11-25,418.612
2020-11-26,371.85
2020-11-27,362.062
2020-11-30,364.237
2020-12-01,393.6
2020-12-02,401.212
2020-12-03,377.287
2020-12-04,364.237
2020-12-07,392.512
2020-12-08,391.425
2020-12-09,392.512
2020-12-10,436.012
2020-12-11,524.1
2020-12-14,513.225
2020-12-15,518.662
2020-12-16,546.937
2020-12-17,573.037
2020-12-18,614.362
2020-12-21,638.287
2020-12-22,627.412
2020-12-23,590.437
2020-12-24,656.775
2020-12-25,613.275
2020-12-28,557.812
2020-12-29,498
2020-12-30,516.487
2020-12-31,541.5
2021-01-04,588.262
2021-01-05,598.05
2021-01-06,607.837
2021-01-07,580.65
2021-01-08,574.125
2021-01-11,604.575
2021-01-12,594.787
2021-01-13,614.362
2021-01-14,603.487
2021-01-15,601.312
2021-01-18,611.1
2021-01-19,606.75
2021-01-20,594.787
2021-01-21,602.4
2021-01-22,614.362
2021-01-25,604.575
2021-01-26,569.775
2021-01-27,519.75
2021-01-28,500.175
2021-01-29,527.362
2021-02-01,518.662
2021-02-02,488.212
2021-02-03,474.075
2021-02-04,514.312
2021-02-05,538.237
2021-02-08,561.075
2021-02-09,557.812
2021-02-10,548.025
2021-02-18,537.15
2021-02-19,514.312
2021-02-22,541.5
2021-02-23,544.762
2021-02-24,554.55
2021-02-25,629.587
2021-02-26,579.562
2021-03-01,653.512
2021-03-02,599.137
2021-03-03,632.85
2021-03-04,629.587
2021-03-05,636.112
2021-03-08,710.062
2021-03-09,673.087
2021-03-10,606.75
2021-03-11,552.375
2021-03-12,563.25
2021-03-15,561.075
2021-03-16,554.55
2021-03-17,533.887
2021-03-18,511.05
2021-03-19,486.037
2021-03-22,491.475
2021-03-23,464.287
2021-03-24,477.337
2021-03-25,463.2
2021-03-26,478.425
2021-03-29,523.012
2021-03-30,550.2
2021-03-31,527.362
2021-04-01,511.05
2021-04-02,541.5
2021-04-06,563.25
2021-04-07,565.425
2021-04-08,558.9
2021-04-09,565.425
2021-04-12,528.45
2021-04-13,515.4
2021-04-14,545.85
2021-04-15,578.475
2021-04-16,608.925
2021-04-19,610.012
2021-04-20,607.837
2021-04-21,579.562
2021-04-22,575.212
2021-04-23,570.862
2021-04-26,632.85
2021-04-27,644.812
2021-04-28,592.612
2021-04-29,610.012
2021-04-30,615.45
2021-05-06,650.25
2021-05-07,664.387
2021-05-10,728.55
2021-05-11,736.162
2021-05-12,848.175
2021-05-13,956.925
2021-05-14,922.125
2021-05-17,914.512
2021-05-18,896.025
2021-05-19,834.037
2021-05-20,766.612
2021-05-21,761.175
2021-05-24,822.075
2021-05-25,854.7
