日期,价格
20130218,4363.64
20130219,4363.64
20130220,4363.64
20130221,4363.64
20130222,4250.00
20130225,4250.00
20130226,4122.73
20130227,4050.00
20130228,4050.00
20130301,4050.00
20130304,4031.82
20130305,3931.82
20130306,3918.18
20130307,3918.18
20130308,3918.18
20130311,3918.18
20130312,3909.09
20130313,3909.09
20130314,3909.09
20130315,3909.09
20130318,3909.09
20130319,3900.00
20130320,3900.00
20130321,3900.00
20130322,3900.00
20130325,3890.91
20130326,3890.91
20130327,3881.82
20130328,3881.82
20130329,3881.82
20130401,3909.09
20130402,3900.00
20130403,3881.82
20130408,3881.82
20130409,3877.27
20130410,3877.27
20130411,3877.27
20130412,3877.27
20130415,3877.27
20130416,3877.27
20130417,3868.18
20130418,3859.09
20130419,3859.09
20130422,3840.91
20130423,3840.91
20130424,3840.91
20130425,3840.91
20130426,3840.91
20130502,3886.36
20130503,3922.73
20130506,3922.73
20130507,3931.82
20130508,3931.82
20130509,3931.82
20130510,3931.82
20130513,3931.82
20130514,3940.91
20130515,3940.91
20130516,3940.91
20130517,3940.91
20130520,3940.91
20130521,3940.91
20130523,3940.91
20130524,3940.91
20130527,3940.91
20130528,3940.91
20130529,3940.91
20130530,3940.91
20130531,3940.91
20130603,3959.09
20130604,4040.91
20130605,4050.00
20130606,4050.00
20130607,4050.00
20130612,4068.18
20130613,4068.18
20130614,4068.18
20130617,4095.45
20130618,4095.45
20130619,4095.45
20130620,4122.73
20130621,4122.73
20130624,4122.73
20130625,4163.64
20130626,4163.64
20130627,4163.64
20130628,4227.27
20130701,4227.27
20130702,4340.91
20130703,4340.91
20130704,4395.45
20130705,4395.45
20130708,4422.73
20130709,4513.64
20130710,4704.55
20130711,4704.55
20130712,4704.55
20130715,4813.64
20130716,4813.64
20130717,4859.09
20130718,4950.00
20130719,4950.00
20130722,4950.00
20130723,4931.82
20130724,5027.27
20130725,5063.64
20130726,5063.64
20130729,5063.64
20130730,5063.64
20130731,5063.64
20130801,5145.45
20130802,5118.18
20130805,5118.18
20130806,5118.18
20130807,5122.73
20130808,5086.36
20130809,5086.36
20130812,5040.91
20130813,5040.91
20130814,5040.91
20130815,5040.91
20130816,5004.55
20130819,5004.55
20130820,5004.55
20130821,5004.55
20130822,4968.18
20130823,4968.18
20130826,4968.18
20130827,4968.18
20130828,4959.09
20130829,4959.09
20130830,4959.09
20130902,4827.27
20130903,4790.91
20130904,4745.45
20130905,4745.45
20130906,4745.45
20130909,4754.55
20130910,4754.55
20130911,4745.45
20130912,4745.45
20130913,4745.45
20130916,4745.45
20130917,4736.36
20130918,4736.36
20130919,4736.36
20130920,4736.36
20130922,4736.36
20130923,4781.82
20130924,4781.82
20130925,4813.64
20130926,4813.64
20130927,4813.64
20130929,4813.64
20130930,4813.64
20131008,4826.92
20131009,4846.15
20131010,4865.38
20131011,4865.38
20131012,4865.38
20131014,4880.77
20131015,4880.77
20131016,4880.77
20131017,4884.62
20131018,4884.62
20131021,4884.62
20131022,4892.31
20131023,4900.00
20131024,4900.00
20131025,4900.00
20131028,4900.00
20131029,4900.00
20131030,4900.00
20131031,4900.00
20131101,4923.08
20131104,4930.77
20131105,4930.77
20131106,4950.00
20131107,4950.00
20131108,4965.38
20131111,5030.77
20131112,5046.15
20131113,5046.15
20131114,5084.62
20131115,5084.62
20131118,5123.08
20131119,5153.85
20131120,5153.85
20131121,5153.85
20131122,5169.23
20131125,5169.23
20131126,5169.23
20131127,5169.23
20131128,5223.08
20131129,5238.46
20131202,5261.54
20131203,5269.23
20131204,5269.23
20131205,5269.23
20131206,5269.23
20131209,5269.23
20131210,5269.23
20131211,5292.31
20131212,5292.31
20131213,5292.31
20131216,5253.85
20131217,5238.46
20131218,5238.46
20131219,5238.46
20131220,5238.46
20131223,5238.46
20131224,5200.00
20131225,5200.00
20131226,5200.00
20131227,5200.00
20131230,5161.54
20131231,5153.85
20140102,5130.77
20140103,5146.15
20140106,5161.54
20140107,5146.15
20140108,5146.15
20140109,5130.77
20140110,5130.77
20140113,5130.77
20140114,5023.08
20140115,5023.08
20140116,5023.08
20140117,5023.08
20140120,4942.31
20140121,4942.31
20140122,4942.31
20140123,4942.31
20140124,4938.46
20140127,4892.31
20140128,4892.31
20140129,4892.31
20140130,4892.31
20140131,4892.31
20140203,4892.31
20140204,4892.31
20140205,4892.31
20140206,4892.31
20140207,4846.15
20140210,4665.38
20140211,4665.38
20140212,4665.38
20140213,4588.46
20140214,4588.46
20140217,4588.46
20140218,4588.46
20140219,4592.31
20140220,4596.15
20140221,4596.15
20140224,4596.15
20140225,4588.46
20140226,4603.85
20140227,4603.85
20140228,4603.85
20140303,4603.85
20140304,4615.38
20140305,4615.38
20140306,4615.38
20140307,4630.77
20140310,4630.77
20140311,4638.46
20140312,4638.46
20140313,4642.31
20140314,4650.00
20140317,4650.00
20140318,4653.85
20140319,4661.54
20140320,4661.54
20140321,4661.54
20140324,4680.77
20140325,4680.77
20140326,4680.77
20140327,4703.85
20140328,4703.85
20140331,4703.85
20140401,4703.85
20140402,4703.85
20140403,4703.85
20140404,4723.08
20140407,4723.08
20140408,4707.69
20140409,4707.69
20140410,4703.85
20140411,4680.77
20140414,4669.23
20140415,4669.23
20140416,4653.85
20140417,4638.46
20140418,4650.00
20140421,4650.00
20140422,4634.62
20140423,4611.54
20140424,4607.69
20140425,4607.69
20140428,4603.85
20140429,4561.54
20140430,4557.69
20140501,4557.69
20140502,4557.69
20140505,4526.92
20140506,4503.85
20140507,4503.85
20140508,4488.46
20140509,4473.08
20140512,4457.69
20140513,4442.31
20140514,4438.46
20140515,4476.92
20140516,4496.15
20140519,4507.69
20140520,4526.92
20140521,4526.92
20140522,4515.38
20140523,4496.15
20140526,4496.15
20140527,4496.15
20140528,4511.54
20140529,4511.54
20140530,4511.54
20140602,4511.54
20140603,4481.54
20140604,4473.85
20140605,4473.85
20140606,4473.85
20140609,4473.85
20140610,4459.23
20140611,4459.23
20140612,4451.54
20140613,4451.54
20140616,4415.38
20140617,4415.38
20140618,4400.00
20140619,4380.77
20140620,4380.77
20140623,4380.77
20140624,4376.92
20140625,4342.31
20140626,4342.31
20140627,4339.23
20140630,4323.85
20140701,4323.85
20140702,4323.85
20140703,4316.15
20140704,4316.15
20140707,4316.15
20140708,4308.46
20140709,4308.46
20140710,4308.46
20140711,4308.46
20140714,4323.85
20140715,4323.85
20140716,4339.23
20140717,4354.62
20140718,4358.46
20140721,4358.46
20140722,4358.46
20140723,4366.15
20140724,4366.15
20140725,4373.85
20140728,4373.85
20140729,4385.38
20140730,4385.38
20140731,4385.38
20140801,4385.38
20140804,4393.08
20140805,4393.08
20140806,4393.08
20140807,4396.92
20140808,4409.23
20140811,4409.23
20140812,4409.23
20140813,4409.23
20140814,4438.46
20140815,4438.46
20140818,4438.46
20140819,4446.15
20140820,4446.15
20140821,4469.23
20140822,4469.23
20140825,4480.00
20140826,4480.00
20140827,4480.00
20140828,4480.00
20140829,4480.00
20140901,4549.23
20140902,4549.23
20140903,4549.23
20140904,4564.62
20140905,4564.62
20140908,4564.62
20140909,4508.46
20140910,4508.46
20140911,4485.38
20140912,4485.38
20140915,4485.38
20140916,4485.38
20140917,4454.62
20140918,4385.38
20140919,4374.62
20140922,4373.08
20140923,4365.38
20140924,4365.38
20140925,4357.69
20140926,4350.00
20140929,4350.00
20140930,4350.00
20141001,4350.00
20141002,4350.00
20141003,4350.00
20141006,4350.00
20141007,4350.00
20141008,4350.00
20141009,4365.38
20141010,4380.77
20141011,4384.62
20141013,4384.62
20141014,4384.62
20141015,4384.62
20141016,4392.31
20141017,4410.00
20141020,4479.23
20141021,4486.92
20141022,4502.31
20141023,4502.31
20141024,4517.69
20141027,4517.69
20141028,4525.38
20141029,4525.38
20141030,4534.62
20141031,4538.46
20141103,4538.46
20141104,4538.46
20141105,4538.46
20141106,4557.69
20141107,4557.69
20141110,4557.69
20141111,4557.69
20141112,4557.69
20141113,4550.00
20141114,4550.00
20141117,4550.00
20141118,4550.00
20141119,4550.00
20141120,4553.85
20141121,4546.15
20141124,4553.85
20141125,4550.00
20141126,4526.92
20141127,4526.92
20141128,4519.23
20141201,4534.62
20141202,4550.00
20141203,4569.23
20141204,4584.62
20141205,4623.08
20141208,4688.46
20141209,4696.15
20141210,4776.92
20141211,4815.38
20141212,4815.38
20141215,4826.92
20141216,4834.62
20141217,4834.62
20141218,4834.62
20141219,4834.62
20141222,4888.46
20141223,4996.15
20141224,5019.23
20141225,5011.54
20141226,5011.54
20141229,5011.54
20141230,5038.46
20141231,5034.62
20150101,5034.62
20150102,5034.62
20150105,5007.69
20150106,5007.69
20150107,4988.46
20150108,4946.15
20150109,4946.15
20150112,4938.46
20150113,4938.46
20150114,4850.00
20150115,4838.46
20150116,4838.46
20150119,4769.23
20150120,4769.23
20150121,4761.54
20150122,4596.15
20150123,4596.15
20150126,4511.54
20150127,4423.08
20150128,4403.85
20150129,4365.38
20150130,4365.38
20150202,4350.00
20150203,4350.00
20150204,4326.92
20150205,4326.92
20150206,4303.85
20150209,4303.85
20150210,4303.85
20150211,4303.85
20150212,4303.85
20150213,4280.77
20150216,4280.77
20150217,4280.77
20150218,4280.77
20150219,4280.77
20150220,4280.77
20150223,4280.77
20150224,4280.77
20150225,4280.77
20150226,4280.77
20150227,4280.77
20150302,4265.38
20150303,4265.38
20150304,4234.62
20150305,4234.62
20150306,4234.62
20150309,4223.08
20150310,4207.69
20150311,4207.69
20150312,4207.69
20150313,4207.69
20150316,4200.00
20150317,4184.62
20150318,4184.62
20150319,4184.62
20150320,4184.62
20150323,4138.46
20150324,4138.46
20150325,4138.46
20150326,4130.77
20150327,4130.77
20150328,4130.77
20150330,4130.77
20150331,4130.77
20150401,4123.08
20150402,4115.38
20150403,4111.54
20150406,4111.54
20150407,4111.54
20150408,4111.54
20150409,4119.23
20150410,4119.23
20150413,4119.23
20150414,4126.92
20150415,4134.62
20150416,4134.62
20150417,4139.23
20150420,4134.62
20150421,4134.62
20150422,4134.62
20150423,4134.62
20150424,4126.92
20150427,4126.92
20150428,4104.62
20150429,4104.62
20150430,4104.62
20150501,4104.62
20150504,4050.77
20150505,4031.54
20150506,4031.54
20150507,4031.54
20150508,4000.77
20150511,4000.77
20150512,3993.08
20150513,3993.08
20150514,3993.08
20150515,3993.08
20150518,3988.46
20150519,3950.00
20150520,3950.00
20150521,3950.00
20150522,3950.00
20150525,3950.00
20150526,3950.00
20150527,3942.31
20150528,3942.31
20150529,3942.31
20150601,3926.92
20150602,3926.92
20150603,3926.92
20150604,3926.92
20150605,3926.92
20150608,3919.23
20150609,3919.23
20150610,3919.23
20150611,3919.23
20150612,3919.23
20150615,3919.23
20150616,3911.54
20150617,3911.54
20150618,3911.54
20150619,3884.62
20150622,3884.62
20150623,3884.62
20150624,3889.23
20150625,3889.23
20150626,3889.23
20150629,3889.23
20150630,3889.23
20150701,3889.23
20150702,3889.23
20150703,3927.69
20150706,3934.62
20150707,3934.62
20150708,3934.62
20150709,3934.62
20150710,3934.62
20150713,3934.62
20150714,3934.62
20150715,3926.92
20150716,3926.92
20150717,3926.92
20150720,3926.92
20150721,3926.92
20150722,3930.77
20150723,3923.08
20150724,3923.08
20150727,3923.08
20150728,3884.62
20150729,3861.54
20150730,3846.15
20150731,3830.77
20150803,3823.08
20150804,3815.38
20150805,3815.38
20150806,3815.38
20150807,3815.38
20150810,3784.62
20150814,3784.62
20150817,3784.62
20150818,3784.62
20150819,3784.62
20150820,3784.62
20150821,3792.31
20150824,3792.31
20150825,3792.31
20150826,3792.31
20150827,3792.31
20150828,3792.31
20150831,3792.31
20150901,3792.31
20150902,3792.31
20150903,3792.31
20150904,3792.31
20150907,3792.31
20150908,3784.62
20150909,3776.92
20150910,3776.92
20150911,3761.54
20150914,3761.54
20150915,3746.15
20150916,3746.15
20150917,3816.67
20150918,3746.15
20150921,3746.15
20150922,3746.15
20150923,3746.15
20150924,3746.15
20150925,3738.46
20150928,3738.46
20150929,3738.46
20150930,3738.46
20151001,3738.46
20151002,3738.46
20151005,3738.46
20151006,3738.46
20151007,3738.46
20151008,3723.08
20151009,3723.08
20151010,3719.23
20151012,3719.23
20151013,3715.38
20151014,3715.38
20151015,3715.38
20151016,3715.38
20151019,3715.38
20151020,3715.38
20151021,3707.69
20151022,3707.69
20151023,3707.69
20151026,3707.69
20151027,3707.69
20151028,3707.69
20151029,3707.69
20151030,3707.69
20151102,3707.69
20151103,3702.31
20151104,3710.00
20151105,3710.00
20151106,3694.62
20151109,3686.92
20151110,3686.92
20151111,3671.54
20151112,3671.54
20151113,3656.15
20151116,3640.77
20151117,3640.77
20151118,3648.46
20151119,3635.38
20151120,3635.38
20151123,3612.31
20151124,3596.92
20151125,3596.92
20151126,3573.85
20151127,3566.15
20151130,3566.15
20151201,3500.00
20151202,3461.54
20151203,3461.54
20151204,3461.54
20151207,3396.15
20151208,3365.38
20151209,3365.38
20151210,3350.00
20151211,3350.00
20151214,3350.00
20151215,3350.00
20151216,3334.62
20151217,3303.85
20151218,3303.85
20151221,3296.15
20151222,3296.15
20151223,3296.15
20151224,3296.15
20151225,3296.15
20151228,3365.38
20151229,3397.69
20151230,3397.69
20151231,3420.77
20160101,3420.77
20160104,3420.77
20160105,3428.46
20160106,3428.46
20160107,3420.77
20160108,3420.77
20160111,3420.77
20160112,3417.69
20160113,3417.69
20160114,3480.77
20160115,3480.77
20160118,3480.77
20160119,3480.77
20160120,3480.77
20160121,3480.77
20160122,3480.77
20160125,3496.15
20160126,3519.23
20160127,3523.08
20160128,3561.54
20160129,3584.62
20160201,3584.62
20160202,3584.62
20160203,3584.62
20160204,3584.62
20160205,3542.31
20160208,3542.31
20160209,3542.31
20160210,3542.31
20160211,3542.31
20160212,3542.31
20160214,3542.31
20160215,3373.08
20160216,3319.23
20160217,3319.23
20160218,3319.23
20160219,3319.23
20160222,3296.15
20160223,3296.15
20160224,3280.77
20160225,3280.77
20160226,3265.38
20160229,3265.38
20160301,3265.38
20160302,3265.38
20160303,3280.77
20160304,3280.77
20160307,3280.77
20160308,3280.77
20160309,3280.77
20160310,3273.08
20160311,3273.08
20160315,3273.08
20160316,3273.08
20160317,3273.08
20160318,3273.08
20160321,3273.08
20160322,3259.23
20160323,3259.23
20160324,3259.23
20160325,3259.23
20160328,3254.62
20160329,3239.23
20160330,3239.23
20160331,3208.46
20160401,3208.46
20160404,3208.46
20160405,3208.46
20160406,3208.46
20160407,3185.38
20160408,3185.38
20160411,3185.38
20160412,3162.31
20160413,3162.31
20160414,3162.31
20160415,3173.08
20160418,3173.08
20160419,3173.08
20160420,3173.08
20160421,3173.08
20160422,3173.08
20160425,3180.77
20160426,3180.77
20160427,3180.77
20160428,3180.77
20160429,3180.77
20160502,3180.77
20160503,3180.77
20160504,3180.77
20160505,3180.77
20160506,3158.46
20160509,3158.46
20160510,3158.46
20160511,3154.62
20160512,3154.62
20160513,3154.62
20160516,3154.62
20160517,3154.62
20160518,3154.62
20160519,3154.62
20160520,3150.77
20160523,3150.77
20160524,3127.69
20160525,3127.69
20160526,3096.15
20160527,3094.62
20160530,3081.54
20160531,3081.54
20160601,3081.54
20160602,3073.85
20160603,3073.85
20160606,3073.85
20160607,3060.38
20160608,3051.15
20160609,3051.15
20160610,3051.15
20160613,3048.85
20160614,3045.00
20160615,3045.00
20160616,3045.00
20160617,3045.00
20160620,3045.00
20160621,2998.85
20160622,2968.08
20160623,2968.08
20160624,2968.08
20160627,2969.62
20160628,2972.69
20160629,2972.69
20160630,2972.69
20160701,2975.38
20160704,2971.54
20160705,2973.85
20160706,2990.77
20160707,3006.15
20160708,3040.77
20160711,3144.62
20160712,3156.15
20160713,3144.62
20160714,3121.54
20160715,3103.85
20160718,3088.46
20160719,3088.46
20160720,3086.92
20160721,3079.23
20160722,3075.38
20160725,3075.38
20160726,3053.85
20160727,3043.08
20160728,3035.38
20160729,3035.38
20160801,3031.54
20160802,3031.54
20160803,3031.54
20160804,3031.54
20160805,3033.85
20160808,3037.69
20160809,3038.46
20160810,3040.00
20160811,3050.00
20160812,3050.77
20160815,3056.15
20160816,3056.15
20160817,3056.15
20160818,3060.00
20160819,3066.15
20160822,3063.85
20160823,3063.85
20160824,3063.85
20160825,3063.85
20160826,3063.85
20160829,3063.85
20160830,3056.92
20160831,3059.23
20160901,3059.23
20160902,3059.23
20160905,3059.23
20160906,3051.54
20160907,3048.46
20160908,3036.92
20160909,3036.92
20160912,3029.23
20160913,3029.23
20160914,3023.85
20160915,3023.85
20160916,3023.85
20160918,3021.54
20160919,3017.69
20160920,3017.69
20160921,3015.38
20160922,3015.38
20160923,3011.54
20160926,3003.85
20160927,2992.31
20160928,2978.46
20160929,2978.46
20160930,2978.46
20161003,2978.46
20161004,2978.46
20161005,2978.46
20161006,2978.46
20161007,2978.46
20161008,2978.46
20161009,2963.08
20161010,2963.08
20161011,2968.46
20161012,2976.15
20161013,2980.00
20161014,3002.31
20161017,3010.00
20161018,3021.54
20161019,3038.46
20161020,3052.31
20161021,3052.31
20161024,3063.85
20161025,3056.15
20161026,3060.00
20161027,3060.00
20161028,3054.62
20161031,3041.15
20161101,3041.15
20161102,3030.00
20161103,3030.00
20161104,3035.00
20161107,3048.85
20161108,3055.38
20161109,3055.38
20161110,3083.08
20161111,3104.62
20161114,3156.92
20161115,3172.31
20161116,3187.69
20161117,3187.69
20161118,3191.54
20161121,3166.92
20161122,3176.15
20161123,3154.62
20161124,3143.08
20161125,3123.85
20161128,3204.62
20161129,3243.08
20161130,3294.62
20161201,3310.00
20161202,3313.85
20161205,3275.38
20161206,3242.31
20161207,3230.77
20161208,3205.38
20161209,3186.15
20161212,3178.46
20161213,3163.08
20161214,3146.15
20161215,3146.15
20161216,3146.15
20161219,3158.46
20161220,3158.46
20161221,3156.92
20161222,3149.23
20161223,3144.62
20161226,3144.62
20161227,3144.62
20161228,3144.62
20161229,3144.62
20161230,3144.62
20170102,3144.62
20170103,3121.54
20170104,3121.54
20170105,3106.15
20170106,3106.15
20170109,3106.15
20170110,3106.15
20170111,3106.15
20170112,3106.15
20170113,3106.15
20170116,3106.15
20170117,3106.15
20170118,3111.54
20170119,3111.54
20170120,3114.62
20170122,3114.62
20170123,3123.85
20170124,3123.85
20170125,3123.85
20170126,3123.85
20170127,3123.85
20170130,3123.85
20170131,3123.85
20170201,3123.85
20170202,3123.85
20170203,3123.85
20170206,3112.31
20170207,3112.31
20170208,3112.31
20170209,3123.85
20170210,3123.85
20170213,3123.85
20170214,3123.85
20170215,3123.85
20170216,3127.69
20170217,3127.69
20170220,3127.69
20170221,3127.69
20170222,3127.69
20170223,3127.69
20170224,3156.92
20170227,3156.92
20170228,3183.85
20170301,3193.85
20170302,3208.46
20170303,3208.46
20170306,3208.46
20170307,3198.46
20170308,3190.77
20170309,3173.85
20170310,3173.85
20170313,3162.31
20170314,3162.31
20170315,3162.31
20170316,3162.31
20170317,3170.77
20170320,3179.23
20170321,3179.23
20170322,3179.23
20170323,3179.23
20170324,3196.92
20170327,3196.92
20170328,3196.92
20170329,3212.31
20170330,3212.31
20170331,3212.31
20170403,3212.31
20170404,3212.31
20170405,3202.31
20170406,3176.54
20170407,3176.54
20170410,3154.23
20170411,3154.23
20170412,3151.92
20170413,3123.00
20170414,3109.67
20170417,3109.67
20170418,3086.33
20170419,3086.33
20170420,3074.33
20170421,3081.00
20170424,3093.00
20170425,3095.00
20170426,3095.00
20170427,3095.00
20170428,3095.00
20170501,3095.00
20170502,3084.67
20170503,3087.33
20170504,3084.00
20170505,3067.33
20170508,3067.33
20170509,3067.33
20170510,3050.00
20170511,3050.00
20170512,3044.67
20170515,3044.67
20170516,3032.00
20170517,3036.00
20170518,3036.67
20170519,3034.67
20170522,3034.67
20170523,3034.67
20170524,3034.67
20170525,3034.67
20170526,3034.67
20170529,3034.67
20170530,3034.67
20170531,3034.67
20170601,3034.67
20170602,3034.67
20170605,3034.67
20170606,2974.67
20170607,2974.67
20170608,2974.67
20170609,2974.67
20170612,2942.67
20170613,2942.67
20170614,2942.67
20170615,2942.67
20170616,2938.67
20170619,2938.67
20170620,2938.67
20170621,2938.67
20170622,2938.67
20170623,2938.67
20170626,2959.33
20170627,2959.33
20170628,2959.33
20170629,2948.00
20170630,2946.67
20170703,2948.00
20170704,2948.00
20170705,2948.00
20170706,2949.33
20170707,2949.33
20170710,2949.33
20170711,2948.67
20170712,2952.00
20170713,2955.33
20170714,2962.00
20170717,2970.00
20170718,2978.00
20170719,2982.00
20170720,2988.67
20170721,2995.33
20170725,2992.00
20170726,2998.67
20170727,2998.67
20170728,2998.67
20170731,2998.46
20170801,2992.31
20170802,2982.31
20170803,2986.15
20170804,2986.15
20170807,3000.00
20170808,3008.46
20170809,3020.00
20170810,3026.15
20170811,3031.54
20170814,3033.85
20170815,3033.85
20170816,3026.15
20170817,3021.54
20170818,3002.31
20170821,2999.23
20170822,2999.23
20170823,2999.23
20170824,2997.69
20170825,2997.69
20170828,2998.46
20170829,2990.77
20170830,2975.38
20170831,2957.69
20170901,2930.00
20170904,2906.15
20170905,2903.08
20170906,2909.23
20170907,2939.23
20170908,2966.15
20170911,2969.23
20170912,2956.92
20170913,2953.08
20170914,2953.08
20170915,2957.69
20170918,2973.85
20170919,3009.23
20170920,3024.62
20170921,3039.23
20170922,3050.77
20170925,3189.23
20170926,3196.15
20170927,3226.92
20170928,3360.00
20170929,3677.69
20170930,3804.62
20171003,3804.62
20171004,3804.62
20171005,3804.62
20171006,3804.62
20171009,3822.50
20171010,3824.17
20171011,3815.83
20171012,3849.17
20171013,3857.50
20171016,3956.67
20171017,4041.67
20171018,4050.00
20171019,4116.67
20171020,4179.17
20171023,4358.33
20171024,4350.00
20171025,4300.00
20171026,4258.33
20171027,4233.33
20171030,4212.50
20171031,4170.83
20171101,4254.17
20171102,4266.67
20171103,4275.00
20171106,4325.00
20171107,4341.67
20171108,4337.50
20171109,4325.00
20171110,4304.17
20171113,4262.50
20171114,4255.83
20171115,4239.17
20171116,4361.67
20171117,4458.33
20171120,4608.33
20171121,4769.17
20171122,4883.33
20171123,4991.67
20171124,5170.83
20171127,6075.00
20171128,6158.33
20171129,6450.00
20171130,6516.67
20171201,6558.33
20171204,6704.17
20171205,6616.67
20171206,6575.00
20171207,6558.33
20171208,6625.00
20171211,6791.67
20171212,6833.33
20171213,6854.17
20171214,6879.17
20171215,6920.83
20171218,6929.17
20171219,7350.00
20171220,7975.00
20171221,8005.00
20171222,8322.22
20171225,8477.78
20171226,8406.25
20171227,7143.75
20171228,6531.25
20171229,6043.75
20180101,6043.75
20180102,5643.75
20180103,5643.75
20180104,5518.75
20180105,5518.75
20180108,5275.00
20180109,5212.50
20180110,5212.50
20180111,5175.00
20180112,5175.00
20180115,5412.50
20180116,5675.00
20180117,5862.50
20180118,5975.00
20180119,6037.50
20180122,6300.00
20180123,6387.50
20180124,6387.50
20180125,6387.50
20180126,6325.00
20180129,6350.00
20180130,6475.00
20180131,6662.50
20180201,7050.00
20180202,7537.50
20180205,6550.00
20180206,6487.50
20180207,6487.50
20180208,6487.50
20180209,6487.50
20180211,6437.50
20180212,6362.50
20180213,6362.50
20180214,6362.50
20180215,6362.50
20180216,6362.50
20180219,6362.50
20180220,6362.50
20180221,6362.50
20180222,5112.50
20180223,5112.50
20180224,5212.50
20180226,5031.25
20180227,4887.50
20180228,4750.00
20180301,4475.00
20180302,4318.75
20180305,3543.75
20180306,3456.25
20180307,3443.75
20180308,3415.00
20180309,3462.50
20180312,3547.50
20180313,3528.75
20180314,3450.00
20180315,3368.75
20180316,3287.50
20180319,3293.75
20180320,3293.75
20180321,3287.50
20180322,3272.50
20180323,3228.75
20180326,3257.50
20180327,3272.50
20180328,3335.00
20180329,3307.50
20180330,3272.50
20180402,3210.00
20180403,3185.00
20180404,3165.00
20180405,3165.00
20180406,3165.00
20180408,3078.75
20180409,3097.50
20180410,3132.50
20180411,3137.50
20180412,3160.00
20180413,3140.00
20180416,3108.75
20180417,3080.00
20180418,3073.75
20180419,3066.25
20180420,3063.75
20180423,3058.75
20180424,3058.75
20180425,3041.25
20180426,3022.50
20180427,3018.75
20180428,3016.25
20180501,3016.25
20180502,3160.00
20180503,3228.75
20180504,3253.75
20180507,3348.75
20180508,3418.75
20180509,3506.25
20180510,3637.50
20180511,3818.75
20180514,4418.75
20180515,4456.25
20180516,4418.75
20180517,4210.00
20180518,4028.75
20180521,3625.00
20180522,3581.25
20180523,3521.25
20180524,3527.50
20180525,3606.25
20180528,3691.25
20180529,3670.00
20180530,3635.00
20180531,3612.50
20180601,3556.25
20180604,3552.50
20180605,3490.00
20180606,3423.75
20180607,3405.00
20180608,3396.25
20180611,3327.50
20180612,3315.00
20180613,3227.50
20180614,3268.75
20180615,3303.75
20180618,3303.75
20180619,3358.75
20180620,3365.00
20180621,3418.75
20180622,3456.25
20180625,3478.75
20180626,3466.25
20180627,3453.75
20180628,3453.75
20180629,3435.00
20180702,3458.75
20180703,3481.25
20180704,3483.75
20180705,3521.25
20180706,3556.25
20180709,3675.00
20180710,3781.25
20180711,3868.75
20180712,3968.75
20180713,4090.00
20180716,3977.50
20180717,3942.50
20180718,4112.50
20180719,4418.75
20180720,4622.50
20180723,4218.75
20180724,4100.00
20180725,4081.25
20180726,4081.25
20180727,4128.75
20180730,4185.00
20180731,4178.75
20180801,4160.00
20180802,4138.75
20180803,4110.00
20180806,4053.75
20180807,3985.00
20180808,3926.25
20180809,3851.25
20180810,3818.75
20180813,3981.25
20180814,4025.00
20180815,4006.25
20180816,3908.75
20180817,3777.50
20180820,3693.75
20180821,3712.50
20180822,3696.25
20180823,3721.25
20180824,3721.25
20180827,3730.00
20180828,3657.50
20180829,3651.25
20180830,3661.25
20180831,3663.75
20180903,3845.00
20180904,3857.50
20180905,3851.25
20180906,3851.25
20180907,3821.25
20180910,3806.25
20180911,3812.50
20180912,3835.00
20180913,3898.75
20180914,4060.00
20180917,4572.50
20180918,4622.50
20180919,4612.50
20180920,4550.00
20180921,4525.00
20180924,4525.00
20180925,4497.50
20180926,4472.50
20180927,4283.75
20180928,4081.25
20181001,4031.25
20181002,4031.25
20181003,4031.25
20181004,4031.25
20181005,4031.25
20181008,4303.75
20181009,4303.75
20181010,4306.25
20181011,4225.00
20181012,4140.00
20181015,4135.00
20181016,4172.50
20181017,4225.00
20181018,4240.00
20181019,4252.50
20181022,4277.50
20181023,4340.00
20181024,4352.50
20181025,4371.25
20181026,4352.50
20181029,4352.50
20181030,4350.00
20181031,4372.50
20181101,4381.25
20181102,4408.75
20181105,4401.25
20181106,4382.50
20181107,4357.50
20181108,4290.00
20181109,4290.00
20181112,4400.00
20181113,4425.00
20181114,4462.50
20181115,4458.75
20181116,4408.75
20181119,4451.25
20181120,4451.25
20181121,4473.75
20181122,4561.25
20181123,4627.50
20181126,4752.50
20181127,4671.25
20181128,4527.50
20181129,4452.50
20181130,4427.50
20181203,4073.33
20181204,3810.00
20181205,3810.00
20181206,3810.00
20181207,3860.00
20181210,4416.67
20181211,4833.33
20181212,5533.33
20181213,5566.67
20181214,5566.67
20181217,5566.67
20181218,5566.67
20181219,5533.67
20181220,5366.67
20181221,5060.00
20181224,4993.33
20181225,5033.33
20181226,5033.33
20181227,5333.33
20181228,5366.67
20181231,5366.67
20190101,5366.67
20190102,5366.67
20190103,5366.67
20190104,5366.67
20190107,5700.00
20190108,5893.33
20190109,5893.33
20190110,5933.33
20190111,6033.33
20190114,6033.33
20190115,5733.33
20190116,5466.67
20190117,5283.33
20190118,5216.67
20190121,5066.67
20190122,5066.67
20190123,4833.33
20190124,4506.67
20190125,4290.00
20190128,3733.33
20190129,3766.67
20190130,3766.67
20190131,3766.67
20190201,3733.33
20190204,3733.33
20190205,3733.33
20190206,3733.33
20190207,3733.33
20190208,3733.33
20190211,3733.33
20190212,3733.33
20190213,3366.67
20190214,3466.67
20190215,3466.67
20190218,3900.00
20190219,3916.67
20190220,3916.67
20190221,4093.33
20190222,4126.67
20190225,4266.67
20190226,4500.00
20190227,4516.67
20190228,4406.67
20190301,4273.33
20190304,4073.33
20190305,4073.33
20190306,4033.33
20190307,4066.67
20190308,4083.33
20190311,4026.67
20190312,4026.67
20190313,3993.33
20190314,4000.00
20190315,4016.67
20190318,4016.67
20190319,3983.33
20190320,3966.67
20190321,3933.33
20190322,3866.67
20190325,3733.33
20190326,3710.00
20190327,3723.33
20190328,3723.33
20190329,3723.33
20190401,3766.67
20190402,3776.67
20190403,3776.67
20190404,3733.33
20190405,3733.33
20190408,3656.67
20190409,3640.00
20190410,3593.33
20190411,3593.33
20190412,3560.00
20190415,3543.33
20190416,3566.67
20190417,3576.67
20190418,3576.67
20190419,3576.67
20190422,3506.67
20190423,3490.00
20190424,3460.00
20190425,3406.67
20190426,3400.00
20190429,3333.33
20190430,3303.33
20190501,3303.33
20190502,3303.33
20190503,3303.33
20190506,3326.67
20190507,3326.67
20190508,3343.33
20190509,3343.33
20190510,3363.33
20190513,3543.33
20190514,3543.33
20190515,3543.33
20190516,3543.33
20190517,3493.33
20190520,3496.67
20190521,3550.00
20190522,3600.00
20190523,3646.67
20190524,3730.00
20190527,3736.67
20190528,3736.67
20190529,3736.67
20190530,3710.00
20190531,3666.67
20190603,3543.33
20190604,3543.33
20190605,3543.33
20190606,3526.67
20190607,3526.67
20190610,3466.67
20190611,3453.33
20190612,3453.33
20190613,3436.67
20190614,3426.67
20190617,3433.33
20190618,3403.33
20190619,3380.00
20190620,3363.33
20190621,3370.00
20190624,3356.67
20190625,3380.00
20190626,3383.33
20190627,3393.33
20190628,3386.67
20190701,3303.33
20190702,3303.33
20190703,3296.67
20190704,3296.67
20190705,3290.00
20190708,3276.67
20190709,3266.67
20190710,3226.67
20190711,3213.33
20190712,3176.67
20190715,3200.00
20190716,3200.00
20190717,3200.00
20190718,3200.00
20190719,3220.00
20190722,3223.33
20190723,3240.00
20190724,3240.00
20190725,3240.00
20190726,3233.33
20190729,3223.33
20190730,3213.33
20190731,3216.67
20190801,3200.00
20190802,3206.67
20190805,3240.00
20190806,3250.00
20190807,3283.33
20190808,3246.67
20190809,3193.33
20190812,3113.33
20190813,3106.67
20190814,3090.00
20190815,3090.00
20190816,3003.33
20190819,3003.33
20190820,3010.00
20190821,3010.00
20190822,3066.67
20190823,3090.00
20190826,3043.33
20190827,3000.00
20190828,2980.00
20190829,2990.00
20190830,2990.00
20190902,2990.00
20190903,3056.67
20190904,3056.67
20190905,3056.67
20190906,3056.67
20190909,3050.00
20190910,3030.00
20190911,3003.33
20190912,2980.00
20190913,2980.00
20190916,2900.00
20190917,2900.00
20190918,2900.00
20190919,2900.00
20190920,2900.00
20190923,2883.33
20190924,2863.33
20190925,2813.33
20190926,2806.67
20190927,2793.33
20190930,2793.33
20191001,2793.33
20191002,2793.33
20191003,2793.33
20191004,2793.33
20191007,2793.33
20191008,2866.67
20191009,2920.00
20191010,3050.00
20191011,3216.67
20191014,3583.33
20191015,3750.00
20191016,3823.33
20191017,3750.00
20191018,3666.67
20191021,3756.67
20191022,3756.67
20191023,3753.33
20191024,3753.33
20191025,3780.00
20191028,3806.67
20191029,3790.00
20191030,3840.00
20191031,4750.00
20191101,4750.00
20191104,4366.67
20191105,4256.67
20191106,4206.67
20191107,4126.67
20191108,4126.67
20191111,4083.33
20191112,4056.67
20191113,4046.67
20191114,4090.00
20191115,4216.67
20191118,4416.67
20191119,4433.33
20191120,4400.00
20191121,4400.00
20191122,4350.00
20191125,4350.00
20191126,4366.67
20191127,4366.67
20191128,4433.33
20191129,4650.00
20191202,4623.33
20191203,4606.67
20191204,4596.67
20191205,4596.67
20191206,4596.67
20191209,4400.00
20191210,4366.67
20191211,4273.33
20191212,4266.67
20191213,4266.67
20191216,4213.33
20191217,4150.00
20191218,4150.00
20191219,4150.00
20191220,4150.00
20191223,4130.00
20191224,4063.33
20191225,4033.33
20191226,3970.00
20191227,3870.00
20191230,3743.33
20191231,3743.33
20200101,3743.33
20200102,3716.67
20200103,3486.67
20200106,3463.33
20200107,3463.33
20200108,3403.33
20200109,3273.33
20200110,3240.00
20200113,3066.67
20200114,3066.67
20200115,3066.67
20200116,3106.67
20200117,3090.00
20200120,3090.00
20200121,3090.00
20200122,3090.00
20200123,3090.00
20200124,3090.00
20200127,3090.00
20200128,3090.00
20200129,3090.00
20200130,3090.00
20200131,3090.00
20200203,3090.00
20200204,3090.00
20200205,3090.00
20200206,3090.00
20200207,3090.00
20200210,3090.00
20200211,3000.00
20200212,3033.33
20200213,3000.00
20200214,3000.00
20200217,3000.00
20200218,3060.00
20200219,3060.00
20200220,3110.00
20200221,3110.00
20200224,3190.00
20200225,3190.00
20200226,3190.00
20200227,3170.00
20200228,3053.33
20200302,3076.67
20200303,3050.00
20200304,3060.00
20200305,3070.00
20200306,3076.67
20200309,3136.67
20200310,3143.33
20200311,3143.33
20200312,3180.00
20200313,3180.00
20200316,3193.33
20200317,3193.33
20200318,3193.33
20200319,3190.00
20200320,3173.33
20200323,3195.00
20200324,3233.33
20200325,3270.00
20200326,3270.00
20200327,3270.00
20200330,3290.00
20200331,3280.00
20200401,3280.00
20200402,3270.00
20200403,3226.67
20200406,3226.67
20200407,3146.67
20200408,3153.33
20200409,3163.33
20200410,3220.00
20200413,3280.00
20200414,3280.00
20200415,3253.33
20200416,3226.67
20200417,3206.67
20200420,3133.33
20200421,3133.33
20200422,3060.00
20200423,3000.00
20200424,2983.33
20200427,2953.33
20200428,2930.00
20200429,2930.00
20200430,2916.67
20200501,2916.67
20200504,2933.33
20200505,2943.33
20200506,2990.00
20200507,2956.67
20200508,2900.00
20200511,2863.33
20200512,2863.33
20200513,2800.00
20200514,2750.00
20200515,2750.00
20200518,2693.33
20200519,2680.00
20200520,2680.00
20200521,2666.67
20200522,2650.00
20200525,2603.33
20200526,2576.67
20200527,2550.00
20200528,2533.33
20200529,2510.00
20200601,2470.00
20200602,2470.00
20200603,2470.00
20200604,2470.00
20200605,2480.00
20200608,2490.00
20200609,2490.00
20200610,2496.67
20200611,2503.33
20200612,2503.33
20200615,2503.33
20200616,2503.33
20200617,2503.33
20200618,2503.33
20200619,2483.33
20200622,2480.00
20200623,2480.00
20200624,2473.33
20200629,2460.00
20200630,2450.00
20200701,2443.33
20200702,2443.33
20200703,2443.33
20200706,2443.33
20200707,2443.33
20200708,2453.33
20200709,2453.33
20200710,2453.33
20200713,2470.00
20200714,2463.33
20200715,2463.33
20200716,2463.33
20200717,2463.33
20200720,2463.33
20200721,2470.00
20200722,2466.67
20200723,2463.33
20200724,2463.33
20200727,2463.33
20200728,2463.33
20200729,2463.33
20200730,2463.33
20200731,2463.33
20200803,2463.33
20200804,2463.33
20200805,2463.33
20200806,2463.33
20200807,2470.00
20200810,2490.00
20200811,2490.00
20200812,2470.00
20200813,2470.00
20200814,2470.00
20200817,2470.00
20200818,2453.33
20200819,2453.33
20200820,2453.33
20200821,2406.67
20200822,175.00
20200823,2406.67
20200824,2423.33
20200825,2436.67
20200826,2436.67
20200827,2436.67
20200828,2436.67
20200829,2436.67
20200830,2436.67
20200831,2430.00
20200901,2406.67
20200902,2393.33
20200903,2393.33
20200904,2366.67
20200905,2366.67
20200906,2366.67
20200907,2350.00
20200908,2350.00
20200909,2356.67
20200910,2356.67
20200911,2360.00
20200912,2360.00
20200913,2360.00
20200914,2370.00
20200915,2353.33
20200916,2363.33
20200917,2366.67
20200918,2373.33
20200919,2373.33
20200920,2373.33
20200921,2380.00
20200922,2390.00
20200923,2403.33
20200924,2406.67
20200925,2420.00
20200926,2420.00
20200927,2520.00
20200928,2550.00
20200929,2603.33
20200930,2630.00
20201001,2630.00
20201002,2630.00
20201003,2630.00
20201004,2630.00
20201005,2630.00
20201007,2630.00
20201008,2630.00
20201009,2706.67
20201010,2746.67
20201011,2746.67
20201012,2800.00
20201013,2840.00
20201014,2866.67
20201015,2900.00
20201016,2916.67
20201017,2916.67
20201018,2916.67
20201019,2990.00
20201020,3016.67
20201021,3046.67
20201022,3120.00
20201023,3223.33
20201024,3223.33
20201025,3223.33
20201026,3506.67
20201027,3540.00
20201028,3566.67
20201029,3600.00
20201030,3766.67
20201031,3766.67
20201101,3766.67
20201102,3776.67
20201103,3776.67
20201104,3763.33
20201105,3716.67
20201106,3696.67
20201107,3696.67
20201108,3696.67
20201109,3680.00
20201110,3666.67
20201111,3660.00
20201112,3626.67
20201113,3600.00
20201114,3600.00
20201115,3600.00
20201116,3556.67
20201117,3510.00
20201118,3510.00
20201119,3416.67
20201120,3366.67
20201121,3366.67
20201122,3366.67
20201123,3330.00
20201124,3330.00
20201125,3346.67
20201126,3390.00
20201127,3613.33
20201128,3613.33
20201129,3613.33
20201130,3923.33
20201201,4073.33
20201202,4090.00
20201203,4200.00
20201204,4300.00
20201205,4300.00
20201206,4300.00
20201207,5043.33
20201208,5083.33
20201209,5193.33
20201210,5373.33
20201211,5366.67
20201212,5366.67
20201213,5366.67
20201214,5366.67
20201215,5366.67
20201216,5366.67
20201217,5366.67
20201218,5366.67
20201219,5366.67
20201220,5366.67
20201221,5366.67
20201222,5366.67
20201223,5366.67
20201224,5366.67
20201225,5366.67
20201226,5366.67
20201227,5366.67
20201228,5366.67
20201229,5366.67
20201230,5366.67
20201231,5366.67
20210101,5366.67
20210102,5366.67
20210103,5366.67
20210104,5366.67
20210105,5366.67
20210106,5366.67
20210107,5366.67
20210108,5366.67
20210109,5366.67
20210110,5366.67
20210111,5366.67
20210112,5366.67
20210113,5366.67
20210114,5366.67
20210115,5366.67
20210116,5366.67
20210117,5366.67
20210118,5366.67
20210119,5366.67
20210120,5366.67
20210121,5366.67
20210122,4556.67
20210123,4556.67
20210124,4556.67
20210125,3866.67
20210126,3906.67
20210127,4023.33
20210128,4183.33
20210129,4306.67
20210130,4306.67
20210131,4306.67
20210201,4183.33
20210202,3873.33
20210203,3706.67
20210204,3433.33
20210205,3226.67
20210206,3226.67
20210207,3066.67
20210208,3000.00
20210209,3000.00
20210210,3000.00
20210211,3000.00
20210212,3000.00
20210213,3000.00
20210214,3000.00
20210215,3000.00
20210216,3000.00
20210217,3000.00
20210218,2866.67
20210219,2900.00
20210220,2900.00
20210221,2900.00
20210222,2976.67
20210223,2960.00
20210224,2940.00
20210225,2933.33
20210226,2840.00
20210227,2840.00
20210228,2840.00
20210301,2836.67
20210302,2770.00
20210303,2760.00
20210304,2776.67
20210305,2913.33
20210306,2913.33
20210307,2913.33
20210308,3210.00
20210309,3306.67
20210310,3306.67
20210311,3326.67
20210312,3326.67
20210313,3326.67
20210314,3326.67
20210315,3350.00
20210316,3383.33
20210317,3450.00
20210318,3593.33
20210319,3643.33
20210320,3643.33
20210321,3643.33
20210322,3630.00
20210323,3613.33
20210324,3600.00
20210325,3566.67
20210326,3516.67
20210327,3516.67
20210328,3516.67
20210329,3606.67
20210330,3640.00
20210331,3690.00
20210401,3650.00
20210402,3583.33
20210403,3583.33
20210404,3583.33
20210405,3583.33
20210406,3400.00
20210407,3426.67
20210408,3450.00
20210409,3450.00
20210410,3450.00
20210411,3450.00
20210412,3440.00
20210413,3483.33
20210414,3483.33
20210415,3390.00
20210416,3390.00
20210417,3335.00
20210418,3335.00
20210419,3313.33
20210420,3216.67
20210421,3173.33
20210422,3090.00
20210423,3083.33
20210424,3083.33
20210425,3083.33
20210426,3060.00
20210427,3076.67
20210428,3060.00
20210429,3066.67
20210430,3056.67
20210501,3056.67
20210502,3056.67
20210503,3056.67
20210504,3056.67
20210505,3056.67
20210506,3056.67
20210507,3050.00
20210508,3070.00
20210509,3070.00
20210510,3286.67
20210511,3450.00
20210512,3750.00
20210513,3910.00
20210514,3943.33
20210515,3943.33
20210516,3943.33
20210517,3860.00
20210518,3700.00
20210519,3683.33
20210520,3616.67
20210521,3566.67
20210522,3566.67
20210523,3566.67
20210524,3463.33
20210525,3473.33
20210526,3473.33
20210527,3493.33
20210528,3493.33
20210529,3493.33
20210530,3493.33
20210531,3593.33
20210601,3626.67
20210602,3626.67
20210603,3626.67
20210604,3616.67
20210605,3616.67
