year,month,day,weekday,ws_1,prcp_1,snwd_1,average,temp
2011,1,1,Sat,4.92,0,0,45.6,40
2011,1,2,Sun,5.37,0,0,45.7,39
2011,1,3,Mon,6.26,0,0,45.8,42
2011,1,4,Tues,5.59,0,0,45.9,38
2011,1,5,Wed,3.8,0.03,0,46,45
2011,1,6,Thurs,4.92,0.12,0,46.1,49
2011,1,7,Fri,8.72,0.17,0,46.2,48
2011,1,8,Sat,10.96,0.37,0,46.3,40
2011,1,9,Sun,5.82,0.03,0,46.4,39
2011,1,10,Mon,5.59,0.02,0,46.5,38
2011,1,11,Tues,8.72,0,0,46.7,39
2011,1,12,Wed,11.18,0.3,0,46.8,47
2011,1,13,Thurs,10.29,0.81,0,46.9,53
2011,1,14,Fri,11.86,0.82,0,47,54
2011,1,15,Sat,13.42,0.29,0,47.1,52
2011,1,16,Sun,8.05,0.45,0,47.3,55
2011,1,17,Mon,17,0.27,0,47.4,50
2011,1,18,Tues,15.88,0.04,0,47.5,42
2011,1,19,Wed,7.83,0.08,0,47.6,45
2011,1,20,Thurs,3.13,0,0,47.7,44
2011,1,21,Fri,6.93,0.05,0,47.8,49
2011,1,22,Sat,11.63,0.51,0,47.9,49
2011,1,23,Sun,4.47,0,0,48,46
2011,1,24,Mon,3.58,0.04,0,48.1,48
2011,1,25,Tues,7.16,0.21,0,48.2,50
2011,1,26,Wed,5.37,0,0,48.3,54
2011,1,27,Thurs,2.01,0,0,48.4,50
2011,1,28,Fri,2.24,0,0,48.4,52
2011,1,29,Sat,9.17,0.14,0,48.5,48
2011,1,30,Sun,7.61,0.24,0,48.6,44
2011,1,31,Mon,10.74,0,0,48.7,44
2011,2,1,Tues,8.28,0,0,48.8,46
2011,2,2,Wed,7.16,0,0,48.8,51
2011,2,3,Thurs,2.91,0,0,48.9,49
2011,2,4,Fri,10.51,0.01,0,49,50
2011,2,5,Sat,14.76,0.07,0,49.1,47
2011,2,6,Sun,3.36,0.08,0,49.1,50
2011,2,7,Mon,12.08,0.25,0,49.2,48
2011,2,8,Tues,6.71,0.05,0,49.3,46
2011,2,9,Wed,5.82,0,0,49.4,45
2011,2,10,Thurs,3.13,0,0,49.4,47
2011,2,11,Fri,2.91,0,0,49.5,47
2011,2,12,Sat,3.8,0,0,49.6,54
2011,2,13,Sun,14.54,0.37,0,49.7,52
2011,2,14,Mon,7.38,0.24,0,49.8,50
2011,2,15,Tues,9.84,0.54,0,49.9,46
2011,2,16,Wed,7.61,0.09,0,49.9,44
2011,2,17,Thurs,10.07,0.04,0,50,44
2011,2,18,Fri,7.61,0.11,0,50.1,49
2011,2,19,Sat,6.04,0,0,50.2,43
2011,2,20,Sun,14.32,0,0,50.4,45
2011,2,21,Mon,5.37,0,0,50.5,45
2011,2,22,Tues,7.38,0.03,0,50.6,44
2011,2,23,Wed,7.83,0.04,0,50.7,37
2011,2,24,Thurs,12.08,0.24,0,50.8,35
2011,2,25,Fri,9.84,0,3,50.9,31
2011,2,26,Sat,10.29,0,1,51.1,34
2011,2,27,Sun,9.62,0,0,51.2,42
2011,2,28,Mon,18.57,0.47,0,51.3,40
2011,3,1,Tues,12.3,0.42,0,51.5,44
2011,3,2,Wed,6.93,0.24,0,51.6,50
2011,3,3,Thurs,12.3,0.07,0,51.8,48
2011,3,4,Fri,10.96,0.22,0,51.9,49
2011,3,5,Sat,10.07,0.12,0,52.1,50
2011,3,6,Sun,6.93,0.02,0,52.2,47
2011,3,7,Mon,5.82,0,0,52.4,48
2011,3,8,Tues,4.03,0,0,52.5,52
2011,3,9,Wed,10.07,0.16,0,52.7,52
2011,3,10,Thurs,11.63,1.47,0,52.8,53
2011,3,11,Fri,20.8,0.55,0,53,53
2011,3,12,Sat,10.74,0,0,53.1,48
2011,3,13,Sun,5.82,0.41,0,53.3,53
2011,3,14,Mon,12.3,0.33,0,53.4,53
2011,3,15,Tues,12.97,0.12,0,53.6,55
2011,3,16,Wed,11.63,0.37,0,53.7,48
2011,3,17,Thurs,12.97,0.09,0,53.9,51
2011,3,18,Fri,5.37,0,0,54,50
2011,3,19,Sat,8.95,0.27,0,54.2,54
2011,3,20,Sun,4.47,0,0,54.3,50
2011,3,21,Mon,13.87,0.01,0,54.5,50
2011,3,22,Tues,8.72,0.01,0,54.6,51
2011,3,23,Wed,6.93,0,0,54.7,62
2011,3,24,Thurs,11.86,0,0,54.9,61
2011,3,25,Fri,8.72,0.23,0,55,55
2011,3,26,Sat,8.05,0.33,0,55.2,50
2011,3,27,Sun,5.82,0.15,0,55.3,51
2011,3,28,Mon,7.61,0.28,0,55.5,51
2011,3,29,Tues,9.62,0.14,0,55.6,49
2011,3,30,Wed,8.5,0.12,0,55.7,51
2011,3,31,Thurs,15.43,0.26,0,55.9,54
2011,4,1,Fri,14.54,0.32,0,56,48
2011,4,2,Sat,5.82,1.13,0,56.2,48
2011,4,3,Sun,8.72,0.37,0,56.3,49
2011,4,4,Mon,7.38,0.06,0,56.5,47
2011,4,5,Tues,10.29,0.24,0,56.6,46
2011,4,6,Wed,15.88,0.23,0,56.8,48
2011,4,7,Thurs,11.86,0.12,0,56.9,49
2011,4,8,Fri,4.92,0.08,0,57.1,54
2011,4,9,Sat,3.13,0,0,57.2,55
2011,4,10,Sun,8.5,0.01,0,57.4,55
2011,4,11,Mon,11.86,0.16,0,57.6,51
2011,4,12,Tues,13.42,0,0,57.7,53
2011,4,13,Wed,4.47,0,0,57.9,48
2011,4,14,Thurs,9.4,0.17,0,58.1,47
2011,4,15,Fri,10.51,0.4,0,58.3,53
2011,4,16,Sat,3.8,0.09,0,58.5,53
2011,4,17,Sun,10.51,0.06,0,58.6,52
2011,4,18,Mon,5.82,0.01,0,58.8,51
2011,4,19,Tues,5.82,0.01,0,59,53
2011,4,20,Wed,6.04,0,0,59.2,54
2011,4,21,Thurs,9.62,0,0,59.4,53
2011,4,22,Fri,8.05,0,0,59.7,57
2011,4,23,Sat,7.38,0,0,59.9,66
2011,4,24,Sun,5.82,0,0,60.1,55
2011,4,25,Mon,8.72,0.18,0,60.3,52
2011,4,26,Tues,10.51,0.52,0,60.5,57
2011,4,27,Wed,9.4,0.01,0,60.7,52
2011,4,28,Thurs,12.53,0.45,0,61,51
2011,4,29,Fri,12.08,0.04,0,61.2,54
2011,4,30,Sat,4.92,0,0,61.4,56
2011,5,1,Sun,5.14,0.13,0,61.6,62
2011,5,2,Mon,3.58,0,0,61.9,53
2011,5,3,Tues,9.62,0.18,0,62.1,58
2011,5,4,Wed,8.72,0,0,62.3,62
2011,5,5,Thurs,6.93,0,0,62.5,57
2011,5,6,Fri,8.5,0.03,0,62.8,54
2011,5,7,Sat,8.5,0.13,0,63,56
2011,5,8,Sun,9.17,0.04,0,63.2,58
2011,5,9,Mon,4.92,0.02,0,63.4,57
2011,5,10,Tues,3.36,0,0,63.6,59
2011,5,11,Wed,5.59,0,0,63.8,51
2011,5,12,Thurs,7.83,0.42,0,64.1,60
2011,5,13,Fri,5.59,0,0,64.3,64
2011,5,14,Sat,10.51,0,0,64.5,66
2011,5,15,Sun,8.5,0.97,0,64.7,51
2011,5,16,Mon,9.62,0.81,0,64.8,56
2011,5,17,Tues,12.08,0,0,65,64
2011,5,18,Wed,7.38,0,0,65.2,66
2011,5,19,Thurs,9.62,0,0,65.4,68
2011,5,20,Fri,5.37,0,0,65.6,70
2011,5,21,Sat,4.25,0,0,65.7,54
2011,5,22,Sun,3.58,0.04,0,65.9,60
2011,5,23,Mon,6.71,0,0,66.1,63
2011,5,24,Tues,2.68,0,0,66.2,65
2011,5,25,Wed,6.71,0,0,66.4,56
2011,5,26,Thurs,7.16,0.41,0,66.5,61
2011,5,27,Fri,10.51,0.01,0,66.7,58
2011,5,28,Sat,10.51,0.02,0,66.8,62
2011,5,29,Sun,7.16,0.01,0,67,59
2011,5,30,Mon,6.71,0,0,67.1,61
2011,5,31,Tues,6.71,0,0,67.3,61
2011,6,1,Wed,5.82,0.11,0,67.4,59
2011,6,2,Thurs,5.82,0.17,0,67.6,61
2011,6,3,Fri,10.74,0.08,0,67.7,68
2011,6,4,Sat,8.72,0,0,67.9,78
2011,6,5,Sun,9.62,0,0,68,71
2011,6,6,Mon,3.8,0,0,68.2,72
2011,6,7,Tues,8.28,0,0,68.3,64
2011,6,8,Wed,12.97,0.21,0,68.5,62
2011,6,9,Thurs,7.38,0,0,68.6,69
2011,6,10,Fri,4.7,0,0,68.8,65
2011,6,11,Sat,5.59,0,0,69,66
2011,6,12,Sun,3.58,0,0,69.1,70
2011,6,13,Mon,5.59,0.01,0,69.3,68
2011,6,14,Tues,12.08,0.11,0,69.5,63
2011,6,15,Wed,8.5,0,0,69.7,65
2011,6,16,Thurs,4.7,0.06,0,69.8,70
2011,6,17,Fri,5.59,0,0,70,71
2011,6,18,Sat,3.36,0,0,70.2,58
2011,6,19,Sun,5.82,0.41,0,70.4,63
2011,6,20,Mon,6.93,0.03,0,70.6,70
2011,6,21,Tues,3.13,0,0,70.8,78
2011,6,22,Wed,3.58,0,0,71,67
2011,6,23,Thurs,6.93,0,0,71.3,66
2011,6,24,Fri,8.05,0.07,0,71.5,67
2011,6,25,Sat,5.37,0.26,0,71.7,68
2011,6,26,Sun,6.04,0.01,0,71.9,72
2011,6,27,Mon,5.14,0,0,72.2,69
2011,6,28,Tues,2.24,0,0,72.4,74
2011,6,29,Wed,6.93,0,0,72.6,67
2011,6,30,Thurs,14.76,0,0,72.8,67
2011,7,1,Fri,10.07,0,0,73.1,72
2011,7,2,Sat,5.82,0,0,73.3,82
2011,7,3,Sun,6.26,0,0,73.5,72
2011,7,4,Mon,9.84,0,0,73.8,78
2011,7,5,Tues,8.28,0,0,74,81
2011,7,6,Wed,9.4,0,0,74.2,84
2011,7,7,Thurs,7.83,0,0,74.4,67
2011,7,8,Fri,9.62,0.03,0,74.6,71
2011,7,9,Sat,8.95,0,0,74.9,74
2011,7,10,Sun,8.05,0,0,75.1,76
2011,7,11,Mon,5.14,0,0,75.3,75
2011,7,12,Tues,5.37,0,0,75.4,70
2011,7,13,Wed,4.92,0.08,0,75.6,73
2011,7,14,Thurs,8.28,0,0,75.8,62
2011,7,15,Fri,6.93,0.02,0,76,76
2011,7,16,Sat,4.47,0.02,0,76.1,74
2011,7,17,Sun,5.59,0.35,0,76.3,63
2011,7,18,Mon,4.25,0.07,0,76.4,74
2011,7,19,Tues,5.14,0,0,76.6,70
2011,7,20,Wed,9.17,0,0,76.7,74
2011,7,21,Thurs,8.28,0,0,76.8,70
2011,7,22,Fri,12.53,0,0,76.9,72
2011,7,23,Sat,6.49,0,0,77,79
2011,7,24,Sun,9.62,0,0,77.1,83
2011,7,25,Mon,7.38,0,0,77.1,63
2011,7,26,Tues,6.04,0.13,0,77.2,70
2011,7,27,Wed,7.61,0,0,77.3,72
2011,7,28,Thurs,6.93,0,0,77.3,78
2011,7,29,Fri,8.5,0,0,77.3,76
2011,7,30,Sat,9.62,0,0,77.3,79
2011,7,31,Sun,7.38,0,0,77.4,71
2011,8,1,Mon,9.4,0,0,77.4,77
2011,8,2,Tues,7.61,0,0,77.4,77
2011,8,3,Wed,4.25,0,0,77.3,79
2011,8,4,Thurs,5.14,0,0,77.3,81
2011,8,5,Fri,6.71,0,0,77.3,66
2011,8,6,Sat,4.92,0,0,77.2,73
2011,8,7,Sun,3.13,0,0,77.2,74
2011,8,8,Mon,3.8,0,0,77.1,70
2011,8,9,Tues,6.71,0,0,77.1,70
2011,8,10,Wed,5.82,0,0,77,71
2011,8,11,Thurs,4.92,0,0,76.9,74
2011,8,12,Fri,3.58,0,0,76.9,76
2011,8,13,Sat,4.03,0,0,76.8,70
2011,8,14,Sun,5.82,0,0,76.7,71
2011,8,15,Mon,6.04,0,0,76.6,74
2011,8,16,Tues,5.37,0,0,76.5,78
2011,8,17,Wed,8.5,0,0,76.4,77
2011,8,18,Thurs,6.26,0,0,76.3,73
2011,8,19,Fri,6.49,0,0,76.2,78
2011,8,20,Sat,9.17,0,0,76.1,85
2011,8,21,Sun,6.04,0,0,75.9,87
2011,8,22,Mon,4.92,0,0,75.8,71
2011,8,23,Tues,9.62,0.12,0,75.7,77
2011,8,24,Wed,5.14,0,0,75.5,84
2011,8,25,Thurs,5.82,0,0,75.4,82
2011,8,26,Fri,6.26,0,0,75.3,84
2011,8,27,Sat,6.71,0,0,75.1,84
2011,8,28,Sun,6.49,0,0,75,80
2011,8,29,Mon,4.92,0,0,74.8,70
2011,8,30,Tues,6.93,0,0,74.6,69
2011,8,31,Wed,4.92,0.01,0,74.4,69
2011,9,1,Thurs,4.92,0,0,74.3,73
2011,9,2,Fri,6.04,0,0,74.1,71
2011,9,3,Sat,6.93,0,0,73.9,82
2011,9,4,Sun,10.96,0,0,73.7,83
2011,9,5,Mon,3.8,0,0,73.5,82
2011,9,6,Tues,3.8,0,0,73.3,84
2011,9,7,Wed,5.37,0,0,73,83
2011,9,8,Thurs,7.61,0,0,72.8,85
2011,9,9,Fri,2.91,0,0,72.6,85
2011,9,10,Sat,4.92,0,0,72.3,84
2011,9,11,Sun,6.26,0,0,72.1,85
2011,9,12,Mon,5.14,0,0,71.8,68
2011,9,13,Tues,6.93,0,0,71.5,64
2011,9,14,Wed,3.8,0,0,71.2,67
2011,9,15,Thurs,2.68,0,0,71,65
2011,9,16,Fri,8.28,0,0,70.7,64
2011,9,17,Sat,4.25,0,0,70.3,62
2011,9,18,Sun,8.5,0.2,0,70,65
2011,9,19,Mon,5.82,0.28,0,69.7,69
2011,9,20,Tues,7.16,0.01,0,69.4,77
2011,9,21,Wed,3.36,0,0,69,76
2011,9,22,Thurs,5.59,0,0,68.7,76
2011,9,23,Fri,5.82,0,0,68.3,80
2011,9,24,Sat,6.49,0,0,68,75
2011,9,25,Sun,5.14,0,0,67.6,67
2011,9,26,Mon,11.41,0.19,0,67.2,61
2011,9,27,Tues,9.62,0.59,0,66.8,65
2011,9,28,Wed,9.17,0.01,0,66.5,65
2011,9,29,Thurs,10.51,0,0,66.1,77
2011,9,30,Fri,4.25,0,0,65.7,65
2011,10,1,Sat,6.93,0.01,0,65.3,59
2011,10,2,Sun,3.8,0.02,0,64.9,64
2011,10,3,Mon,4.47,0.37,0,64.5,62
2011,10,4,Tues,6.04,0.1,0,64.1,63
2011,10,5,Wed,6.26,0.05,0,63.7,55
2011,10,6,Thurs,3.8,0.09,0,63.3,58
2011,10,7,Fri,3.58,0.11,0,62.9,55
2011,10,8,Sat,5.37,0.06,0,62.5,65
2011,10,9,Sun,4.92,0.02,0,62.1,60
2011,10,10,Mon,4.7,0.1,0,61.8,59
2011,10,11,Tues,6.71,0.25,0,61.4,59
2011,10,12,Wed,13.42,0.89,0,61,59
2011,10,13,Thurs,8.95,0,0,60.6,59
2011,10,14,Fri,7.61,0,0,60.2,58
2011,10,15,Sat,8.05,0.01,0,59.9,57
2011,10,16,Sun,6.71,0,0,59.5,50
2011,10,17,Mon,3.58,0,0,59.1,61
2011,10,18,Tues,5.82,0,0,58.8,67
2011,10,19,Wed,7.61,0,0,58.4,59
2011,10,20,Thurs,7.16,0,0,58.1,59
2011,10,21,Fri,4.47,0,0,57.8,58
2011,10,22,Sat,8.95,0.12,0,57.4,60
2011,10,23,Sun,10.29,0.58,0,57.1,57
2011,10,24,Mon,3.8,0,0,56.8,57
2011,10,25,Tues,3.8,0,0,56.5,54
2011,10,26,Wed,4.92,0,0,56.2,50
2011,10,27,Thurs,5.82,0.02,0,55.9,54
2011,10,28,Fri,5.82,0,0,55.6,54
2011,10,29,Sat,6.71,0.5,0,55.3,56
2011,10,30,Sun,4.7,0,0,55,57
2011,10,31,Mon,9.17,0.16,0,54.8,53
2011,11,1,Tues,5.14,0,0,54.5,52
2011,11,2,Wed,2.24,0,0,54.2,52
2011,11,3,Thurs,7.83,0.35,0,53.9,52
2011,11,4,Fri,6.93,0,0,53.7,44
2011,11,5,Sat,5.82,0.05,0,53.4,50
2011,11,6,Sun,5.14,0,0,53.2,49
2011,11,7,Mon,3.36,0,0,52.9,49
2011,11,8,Tues,7.83,0.01,0,52.7,55
2011,11,9,Wed,4.47,0,0,52.4,62
2011,11,10,Thurs,8.05,0,0,52.2,59
2011,11,11,Fri,5.82,0,0,51.9,51
2011,11,12,Sat,9.4,0.23,0,51.7,49
2011,11,13,Sun,10.51,0.25,0,51.4,49
2011,11,14,Mon,14.99,0.02,0,51.2,47
2011,11,15,Tues,8.72,0,0,51,48
2011,11,16,Wed,5.14,0,0,50.7,52
2011,11,17,Thurs,10.51,0.49,0,50.5,48
2011,11,18,Fri,14.99,0.28,0,50.3,39
2011,11,19,Sat,5.37,0.08,0,50,41
2011,11,20,Sun,6.04,0,0,49.8,39
2011,11,21,Mon,3.36,0,0,49.5,50
2011,11,22,Tues,11.63,0.3,0,49.3,52
2011,11,23,Wed,14.54,1.76,0,49.1,53
2011,11,24,Thurs,10.51,0.55,0,48.9,45
2011,11,25,Fri,12.75,0.26,0,48.6,48
2011,11,26,Sat,7.16,0,0,48.4,51
2011,11,27,Sun,2.68,0.02,0,48.2,56
2011,11,28,Mon,12.3,0.42,0,48,48
2011,11,29,Tues,4.03,0,0,47.8,44
2011,11,30,Wed,7.61,0.09,0,47.6,45
2011,12,1,Thurs,7.16,0,0,47.4,41
2011,12,2,Fri,2.91,0,0,47.2,44
2011,12,3,Sat,3.58,0.01,0,47,42
2011,12,4,Sun,2.24,0,0,46.8,43
2011,12,5,Mon,6.49,0,0,46.6,42
2011,12,6,Tues,4.03,0,0,46.4,38
2011,12,7,Wed,3.8,0,0,46.3,41
2011,12,8,Thurs,5.14,0,0,46.1,40
2011,12,9,Fri,7.38,0,0,46,40
2011,12,10,Sat,2.68,0,0,45.9,40
2011,12,11,Sun,4.25,0,0,45.7,40
2011,12,12,Mon,5.82,0.02,0,45.6,39
2011,12,13,Tues,7.61,0,0,45.5,41
2011,12,14,Wed,3.8,0,0,45.4,40
2011,12,15,Thurs,4.25,0,0,45.3,44
2011,12,16,Fri,4.03,0.03,0,45.3,49
2011,12,17,Sat,4.47,0,0,45.2,50
2011,12,18,Sun,5.14,0,0,45.2,46
2011,12,19,Mon,4.25,0.19,0,45.1,46
2011,12,20,Tues,2.91,0,0,45.1,44
2011,12,21,Wed,5.59,0,0,45.1,45
2011,12,22,Thurs,3.8,0,0,45.1,38
2011,12,23,Fri,4.03,0,0,45.1,49
2011,12,24,Sat,5.82,0.02,0,45.1,52
2011,12,25,Sun,4.03,0,0,45.1,50
2011,12,26,Mon,13.2,0.03,0,45.2,42
2011,12,27,Tues,6.93,0.05,0,45.2,51
2011,12,28,Wed,7.61,0.9,0,45.3,53
2011,12,29,Thurs,16.33,0.63,0,45.3,51
2011,12,30,Fri,11.41,0.29,0,45.4,49
2011,12,31,Sat,12.75,0.07,0,45.5,43
2012,1,1,Sun,6.26,0,0,45.6,55
2012,1,2,Mon,10.51,0,0,45.7,51
2012,1,3,Tues,10.07,0.43,0,45.8,53
2012,1,4,Wed,5.14,0.03,0,45.9,54
2012,1,5,Thurs,10.51,0.8,0,46,48
2012,1,6,Fri,13.65,0.05,0,46.1,40
2012,1,7,Sat,4.92,0.1,0,46.2,45
2012,1,8,Sun,5.14,0,0,46.3,50
2012,1,9,Mon,4.47,0,0,46.4,49
2012,1,10,Tues,7.61,0.17,0,46.5,43
2012,1,11,Wed,7.61,0.04,0,46.7,43
2012,1,12,Thurs,11.41,0,0,46.8,43
2012,1,13,Fri,4.25,0,0,46.9,41
2012,1,14,Sat,2.91,0,0,47,40
2012,1,15,Sun,11.86,0.16,0,47.1,34
2012,1,16,Mon,7.16,0.21,2,47.3,35
2012,1,17,Tues,11.18,0.1,2,47.4,38
2012,1,18,Wed,12.53,0.32,0,47.5,32
2012,1,19,Thurs,11.18,0.78,1,47.6,30
2012,1,20,Fri,3.58,0.6,3,47.7,45
2012,1,21,Sat,5.14,0.53,3,47.8,47
2012,1,22,Sun,18.34,0.12,2,47.9,44
2012,1,23,Mon,10.74,0.24,0,48,47
2012,1,24,Tues,8.05,0,0,48.1,50
2012,1,25,Wed,11.41,0.34,0,48.2,48
2012,1,26,Thurs,12.08,0.32,0,48.3,48
2012,1,27,Fri,10.74,0.19,0,48.4,44
2012,1,28,Sat,3.13,0,0,48.4,44
2012,1,29,Sun,4.92,0,0,48.5,49
2012,1,30,Mon,10.07,1.09,0,48.6,47
2012,1,31,Tues,11.41,0.14,0,48.7,49
2012,2,1,Wed,8.72,0.07,0,48.8,48
2012,2,2,Thurs,6.04,0.53,0,48.8,47
2012,2,3,Fri,5.82,0,0,48.9,58
2012,2,4,Sat,11.86,0,0,49,60
2012,2,5,Sun,9.62,0,0,49.1,57
2012,2,6,Mon,6.49,0,0,49.1,61
2012,2,7,Tues,11.18,0,0,49.2,60
2012,2,8,Wed,11.86,0.01,0,49.3,50
2012,2,9,Thurs,6.04,0.11,0,49.4,52
2012,2,10,Fri,5.37,0.1,0,49.4,55
2012,2,11,Sat,6.71,0.1,0,49.5,48
2012,2,12,Sun,7.61,0.03,0,49.6,47
2012,2,13,Mon,2.91,0.04,0,49.7,45
2012,2,14,Tues,3.13,0.45,0,49.8,44
2012,2,15,Wed,6.93,0.1,0,49.9,45
2012,2,16,Thurs,4.03,0,0,49.9,45
2012,2,17,Fri,4.7,0.07,0,50,50
2012,2,18,Sat,7.61,0.68,0,50.1,44
2012,2,19,Sun,18.12,0.25,0,50.2,44
2012,2,20,Mon,10.51,0,0,50.4,46
2012,2,21,Tues,6.49,0.12,0,50.5,50
2012,2,22,Wed,16.78,0.03,0,50.6,50
2012,2,23,Thurs,13.2,0.34,0,50.7,47
2012,2,24,Fri,8.72,0,0,50.8,44
2012,2,25,Sat,7.83,0.45,0,50.9,45
2012,2,26,Sun,14.32,0,0,51.1,41
2012,2,27,Mon,7.61,0.05,0,51.2,44
2012,2,28,Tues,6.71,0,0,51.3,44
2012,3,1,Thurs,15.66,0.03,0,51.5,43
2012,3,2,Fri,6.93,0,0,51.6,44
2012,3,3,Sat,11.41,0.08,0,51.8,54
2012,3,4,Sun,15.66,0,0,51.9,51
2012,3,5,Mon,12.53,0,0,52.1,46
2012,3,6,Tues,13.87,0.27,0,52.2,44
2012,3,7,Wed,6.04,0.02,0,52.4,48
2012,3,8,Thurs,6.04,0,0,52.5,60
2012,3,9,Fri,5.59,0,0,52.7,49
2012,3,10,Sat,6.26,0.14,0,52.8,45
2012,3,11,Sun,7.61,0.41,0,53,44
2012,3,12,Mon,12.97,0.54,0,53.1,47
2012,3,13,Tues,13.87,0.76,0,53.3,42
2012,3,14,Wed,11.86,0.37,0,53.4,46
2012,3,15,Thurs,10.51,0.34,0,53.6,52
2012,3,16,Fri,12.97,0.94,0,53.7,48
2012,3,17,Sat,11.41,0.33,0,53.9,50
2012,3,18,Sun,8.5,0.37,0,54,41
2012,3,19,Mon,6.04,0.14,0,54.2,45
2012,3,20,Tues,6.71,0.08,0,54.3,46
2012,3,21,Wed,14.32,0.14,0,54.5,48
2012,3,22,Thurs,5.59,0.05,0,54.6,50
2012,3,23,Fri,4.7,0.16,0,54.7,54
2012,3,24,Sat,6.26,0,0,54.9,59
2012,3,25,Sun,11.63,0,0,55,56
2012,3,26,Mon,6.04,0,0,55.2,55
2012,3,27,Tues,9.62,0,0,55.3,58
2012,3,28,Wed,8.5,0.19,0,55.5,51
2012,3,29,Thurs,13.2,0.05,0,55.6,50
2012,3,30,Fri,9.84,1.08,0,55.7,49
2012,3,31,Sat,10.51,0.22,0,55.9,50
2012,4,1,Sun,7.61,0.52,0,56,48
2012,4,2,Mon,15.21,0.06,0,56.2,62
2012,4,3,Tues,6.93,0,0,56.3,53
2012,4,4,Wed,6.93,0.06,0,56.5,51
2012,4,5,Thurs,4.7,0,0,56.6,49
2012,4,6,Fri,4.03,0.18,0,56.8,52
2012,4,7,Sat,5.82,0.01,0,56.9,61
2012,4,8,Sun,9.62,0,0,57.1,70
2012,4,9,Mon,9.17,0,0,57.2,68
2012,4,10,Tues,4.7,0,0,57.4,64
2012,4,11,Wed,7.16,0,0,57.6,52
2012,4,12,Thurs,5.82,0.09,0,57.7,57
2012,4,13,Fri,5.82,0.02,0,57.9,59
2012,4,14,Sat,8.95,0,0,58.1,60
2012,4,15,Sun,6.71,0,0,58.3,61
2012,4,16,Mon,6.49,0,0,58.5,56
2012,4,17,Tues,12.97,0.32,0,58.6,50
2012,4,18,Wed,4.47,0.07,0,58.8,56
2012,4,19,Thurs,8.72,0.07,0,59,57
2012,4,20,Fri,5.82,0.43,0,59.2,56
2012,4,21,Sat,6.04,0.26,0,59.4,68
2012,4,22,Sun,5.14,0,0,59.7,74
2012,4,23,Mon,5.82,0,0,59.9,71
2012,4,24,Tues,7.83,0,0,60.1,57
2012,4,25,Wed,6.26,0.17,0,60.3,62
2012,4,26,Thurs,5.82,0.42,0,60.5,57
2012,4,27,Fri,11.63,0.15,0,60.7,56
2012,4,28,Sat,10.74,0.03,0,61,61
2012,4,29,Sun,5.59,0,0,61.2,60
2012,4,30,Mon,3.58,0.17,0,61.4,55
2012,5,1,Tues,17.9,0.17,0,61.6,53
2012,5,2,Wed,14.32,0.02,0,61.9,56
2012,5,3,Thurs,5.59,0.02,0,62.1,52
2012,5,4,Fri,7.61,0.73,0,62.3,54
2012,5,5,Sat,10.29,0.07,0,62.5,56
2012,5,6,Sun,5.14,0,0,62.8,64
2012,5,7,Mon,5.37,0,0,63,75
2012,5,8,Tues,4.92,0,0,63.2,65
2012,5,9,Wed,6.71,0,0,63.4,56
2012,5,10,Thurs,8.72,0,0,63.6,58
2012,5,11,Fri,6.71,0,0,63.8,65
2012,5,12,Sat,9.62,0,0,64.1,76
2012,5,13,Sun,7.61,0,0,64.3,78
2012,5,14,Mon,9.4,0,0,64.5,80
2012,5,15,Tues,8.5,0,0,64.7,76
2012,5,16,Wed,9.17,0,0,64.8,67
2012,5,17,Thurs,7.83,0,0,65,64
2012,5,18,Fri,6.49,0,0,65.2,60
2012,5,19,Sat,6.93,0,0,65.4,67
2012,5,20,Sun,3.36,0,0,65.6,58
2012,5,21,Mon,2.91,0.25,0,65.7,62
2012,5,22,Tues,8.95,0.55,0,65.9,55
2012,5,23,Wed,10.74,0.24,0,66.1,58
2012,5,24,Thurs,14.09,0.01,0,66.2,63
2012,5,25,Fri,7.38,0,0,66.4,72
2012,5,26,Sat,6.93,0,0,66.5,72
2012,5,27,Sun,8.05,0,0,66.7,63
2012,5,28,Mon,8.28,0,0,66.8,62
2012,5,29,Tues,7.61,0,0,67,61
2012,5,30,Wed,4.03,0,0,67.1,66
2012,5,31,Thurs,3.36,0.01,0,67.3,64
2012,6,1,Fri,6.04,0.15,0,67.4,68
2012,6,2,Sat,8.28,0.26,0,67.6,66
2012,6,3,Sun,8.28,0.01,0,67.7,63
2012,6,4,Mon,6.49,0,0,67.9,55
2012,6,5,Tues,6.93,0.05,0,68,56
2012,6,6,Wed,7.38,0.63,0,68.2,61
2012,6,7,Thurs,7.61,0,0,68.3,61
2012,6,8,Fri,7.83,0.65,0,68.5,59
2012,6,9,Sat,6.71,0.06,0,68.6,63
2012,6,10,Sun,10.51,0,0,68.8,66
2012,6,11,Mon,6.49,0,0,69,74
2012,6,12,Tues,4.03,0,0,69.1,65
2012,6,13,Wed,8.72,0.03,0,69.3,61
2012,6,14,Thurs,9.62,0,0,69.5,63
2012,6,15,Fri,6.04,0,0,69.7,72
2012,6,16,Sat,3.8,0,0,69.8,70
2012,6,17,Sun,9.17,0,0,70,66
2012,6,18,Mon,14.32,0,0,70.2,63
2012,6,19,Tues,8.5,0.12,0,70.4,67
2012,6,20,Wed,6.71,0.04,0,70.6,76
2012,6,21,Thurs,6.71,0,0,70.8,75
2012,6,22,Fri,4.7,0,0,71,57
2012,6,23,Sat,4.25,0.62,0,71.3,60
2012,6,24,Sun,5.59,0.34,0,71.5,67
2012,6,25,Mon,4.47,0,0,71.7,67
2012,6,26,Tues,6.93,0.02,0,71.9,65
2012,6,27,Wed,7.61,0,0,72.2,73
2012,6,28,Thurs,4.03,0,0,72.4,72
2012,6,29,Fri,5.59,0,0,72.6,71
2012,6,30,Sat,4.25,0.01,0,72.8,68
2012,7,1,Sun,5.37,0.12,0,73.1,68
2012,7,2,Mon,5.14,0,0,73.3,66
2012,7,3,Tues,4.7,0.08,0,73.5,65
2012,7,4,Wed,13.42,0.23,0,73.8,69
2012,7,5,Thurs,8.5,0,0,74,76
2012,7,6,Fri,6.93,0,0,74.2,77
2012,7,7,Sat,4.7,0,0,74.4,80
2012,7,8,Sun,8.5,0,0,74.6,83
2012,7,9,Mon,6.26,0,0,74.9,77
2012,7,10,Tues,4.47,0.06,0,75.1,75
2012,7,11,Wed,5.14,0,0,75.3,82
2012,7,12,Thurs,6.49,0,0,75.4,78
2012,7,13,Fri,6.04,0,0,75.6,74
2012,7,14,Sat,4.92,0.02,0,75.8,77
2012,7,15,Sun,4.92,0,0,76,66
2012,7,16,Mon,8.5,0,0,76.1,79
2012,7,17,Tues,5.59,0.01,0,76.3,71
2012,7,18,Wed,5.82,0,0,76.4,70
2012,7,19,Thurs,6.49,0,0,76.6,77
2012,7,20,Fri,4.92,0,0,76.7,67
2012,7,21,Sat,8.95,0.6,0,76.8,75
2012,7,22,Sun,5.14,0,0,76.9,69
2012,7,23,Mon,8.72,0.04,0,77,66
2012,7,24,Tues,7.38,0,0,77.1,74
2012,7,25,Wed,9.62,0,0,77.1,80
2012,7,26,Thurs,5.82,0,0,77.2,78
2012,7,27,Fri,4.92,0,0,77.3,66
2012,7,28,Sat,6.26,0,0,77.3,72
2012,7,29,Sun,3.8,0,0,77.3,73
2012,7,30,Mon,4.47,0,0,77.3,67
2012,7,31,Tues,6.71,0,0,77.4,73
2012,8,1,Wed,6.26,0,0,77.4,75
2012,8,2,Thurs,4.92,0,0,77.4,74
2012,8,3,Fri,5.59,0,0,77.3,81
2012,8,4,Sat,8.72,0,0,77.3,93
2012,8,5,Sun,8.28,0,0,77.3,93
2012,8,6,Mon,4.25,0,0,77.2,83
2012,8,7,Tues,5.59,0,0,77.2,70
2012,8,8,Wed,5.82,0,0,77.1,72
2012,8,9,Thurs,6.93,0,0,77.1,76
2012,8,10,Fri,8.5,0,0,77,78
2012,8,11,Sat,5.14,0,0,76.9,83
2012,8,12,Sun,5.59,0,0,76.9,87
2012,8,13,Mon,6.71,0,0,76.8,87
2012,8,14,Tues,6.26,0,0,76.7,84
2012,8,15,Wed,6.26,0,0,76.6,88
2012,8,16,Thurs,10.51,0,0,76.5,94
2012,8,17,Fri,6.26,0,0,76.4,91
2012,8,18,Sat,4.03,0,0,76.3,71
2012,8,19,Sun,6.71,0,0,76.2,74
2012,8,20,Mon,6.04,0,0,76.1,78
2012,8,21,Tues,4.25,0,0,75.9,74
2012,8,22,Wed,6.71,0,0,75.8,72
2012,8,23,Thurs,5.14,0,0,75.7,70
2012,8,24,Fri,8.5,0,0,75.5,72
2012,8,25,Sat,7.38,0,0,75.4,79
2012,8,26,Sun,7.16,0,0,75.3,70
2012,8,27,Mon,7.61,0,0,75.1,75
2012,8,28,Tues,4.03,0,0,75,73
2012,8,29,Wed,7.16,0,0,74.8,73
2012,8,30,Thurs,5.37,0,0,74.6,73
2012,8,31,Fri,4.25,0,0,74.4,72
2012,9,1,Sat,6.49,0,0,74.3,71
2012,9,2,Sun,4.7,0,0,74.1,70
2012,9,3,Mon,4.47,0,0,73.9,73
2012,9,4,Tues,7.38,0,0,73.7,76
2012,9,5,Wed,6.93,0,0,73.5,79
2012,9,6,Thurs,5.82,0,0,73.3,83
2012,9,7,Fri,9.4,0,0,73,90
2012,9,8,Sat,6.93,0,0,72.8,77
2012,9,9,Sun,6.71,0,0,72.6,66
2012,9,10,Mon,11.18,0.01,0,72.3,68
2012,9,11,Tues,8.72,0.01,0,72.1,68
2012,9,12,Wed,9.4,0,0,71.8,72
2012,9,13,Thurs,12.53,0,0,71.5,82
2012,9,14,Fri,8.05,0,0,71.2,79
2012,9,15,Sat,3.36,0,0,71,72
2012,9,16,Sun,4.25,0,0,70.7,76
2012,9,17,Mon,5.14,0,0,70.3,82
2012,9,18,Tues,4.92,0,0,70,82
2012,9,19,Wed,3.13,0,0,69.7,75
2012,9,20,Thurs,4.25,0,0,69.4,67
2012,9,21,Fri,5.59,0,0,69,61
2012,9,22,Sat,4.7,0,0,68.7,67
2012,9,23,Sun,2.46,0.01,0,68.3,67
2012,9,24,Mon,3.13,0,0,68,70
2012,9,25,Tues,4.03,0,0,67.6,67
2012,9,26,Wed,3.8,0,0,67.2,67
2012,9,27,Thurs,3.8,0,0,66.8,73
2012,9,28,Fri,3.8,0,0,66.5,77
2012,9,29,Sat,2.46,0,0,66.1,69
2012,9,30,Sun,9.62,0,0,65.7,70
2012,10,1,Mon,6.93,0,0,65.3,74
2012,10,2,Tues,6.71,0,0,64.9,64
2012,10,3,Wed,9.17,0,0,64.5,66
2012,10,4,Thurs,16.33,0,0,64.1,66
2012,10,5,Fri,14.54,0,0,63.7,71
2012,10,6,Sat,12.75,0,0,63.3,75
2012,10,7,Sun,11.41,0,0,62.9,75
2012,10,8,Mon,2.91,0,0,62.5,70
2012,10,9,Tues,4.25,0,0,62.1,61
2012,10,10,Wed,3.58,0,0,61.8,54
2012,10,11,Thurs,3.13,0,0,61.4,57
2012,10,12,Fri,2.91,0,0,61,57
2012,10,13,Sat,10.29,0.08,0,60.6,60
2012,10,14,Sun,8.72,0.19,0,60.2,64
2012,10,15,Mon,7.61,0.65,0,59.9,63
2012,10,16,Tues,10.29,0.31,0,59.5,61
2012,10,17,Wed,12.3,0,0,59.1,58
2012,10,18,Thurs,3.58,0,0,58.8,64
2012,10,19,Fri,4.47,0.82,0,58.4,59
2012,10,20,Sat,11.86,0.19,0,58.1,52
2012,10,21,Sun,12.75,0.02,0,57.8,53
2012,10,22,Mon,6.04,0.25,0,57.4,46
2012,10,23,Tues,5.82,0.35,0,57.1,52
2012,10,24,Wed,6.71,0,0,56.8,53
2012,10,25,Thurs,4.7,0.28,0,56.5,53
2012,10,26,Fri,3.36,0,0,56.2,52
2012,10,27,Sat,5.59,0.06,0,55.9,58
2012,10,28,Sun,11.41,0.91,0,55.6,58
2012,10,29,Mon,8.5,0.24,0,55.3,60
2012,10,30,Tues,10.96,0.43,0,55,59
2012,10,31,Wed,6.26,1.36,0,54.8,60
2012,11,1,Thurs,6.04,0.57,0,54.5,59
2012,11,2,Fri,6.71,0.38,0,54.2,59
2012,11,3,Sat,2.24,0.22,0,53.9,60
2012,11,4,Sun,8.05,0.02,0,53.7,64
2012,11,5,Mon,8.5,0.32,0,53.4,59
2012,11,6,Tues,8.95,0.03,0,53.2,55
2012,11,7,Wed,7.83,0.01,0,52.9,54
2012,11,8,Thurs,7.61,0,0,52.7,50
2012,11,9,Fri,7.61,0,0,52.4,48
2012,11,10,Sat,4.47,0,0,52.2,46
2012,11,11,Sun,4.92,0,0,51.9,48
2012,11,12,Mon,6.71,0.6,0,51.7,55
2012,11,13,Tues,6.71,0.14,0,51.4,52
2012,11,14,Wed,5.59,0.21,0,51.2,52
2012,11,15,Thurs,5.82,0.03,0,51,49
2012,11,16,Fri,5.37,0,0,50.7,49
2012,11,17,Sat,3.58,0.22,0,50.5,54
2012,11,18,Sun,11.86,0.24,0,50.3,50
2012,11,19,Mon,10.96,0.31,0,50,56
2012,11,20,Tues,13.42,2.13,0,49.8,52
2012,11,21,Wed,9.4,0.15,0,49.5,47
2012,11,22,Thurs,12.3,0.44,0,49.3,48
2012,11,23,Fri,3.36,0,0,49.1,49
2012,11,24,Sat,5.37,1.26,0,48.9,48
2012,11,25,Sun,2.68,0,0,48.6,47
2012,11,26,Mon,8.05,0,0,48.4,49
2012,11,27,Tues,8.5,0,0,48.2,50
2012,11,28,Wed,3.36,0,0,48,49
2012,11,29,Thurs,6.49,0.11,0,47.8,55
2012,11,30,Fri,9.4,0.06,0,47.6,59
2012,12,1,Sat,10.29,1.4,0,47.4,56
2012,12,2,Sun,12.3,0.16,0,47.2,47
2012,12,3,Mon,13.87,0.77,0,47,49
2012,12,4,Tues,9.84,0.51,0,46.8,53
2012,12,5,Wed,13.87,0.56,0,46.6,48
2012,12,6,Thurs,11.18,0.06,0,46.4,45
2012,12,7,Fri,11.41,0.06,0,46.3,46
2012,12,8,Sat,10.29,0.04,0,46.1,44
2012,12,9,Sun,4.47,0,0,46,44
2012,12,10,Mon,4.7,0.06,0,45.9,45
2012,12,11,Tues,4.03,0.02,0,45.7,46
2012,12,12,Wed,10.07,0.12,0,45.6,44
2012,12,13,Thurs,4.47,0.32,0,45.5,45
2012,12,14,Fri,6.26,0.09,0,45.4,43
2012,12,15,Sat,3.8,0.31,0,45.3,40
2012,12,16,Sun,11.41,0.21,0,45.3,44
2012,12,17,Mon,12.3,0.89,0,45.2,47
2012,12,18,Tues,21.25,0.08,0,45.2,39
2012,12,19,Wed,11.86,0.13,1,45.1,47
2012,12,20,Thurs,12.97,0.54,0,45.1,45
2012,12,21,Fri,8.28,0.52,0,45.1,47
2012,12,22,Sat,3.8,0.07,0,45.1,47
2012,12,23,Sun,7.83,0.13,0,45.1,45
2012,12,24,Mon,5.59,0.26,0,45.1,42
2012,12,25,Tues,6.26,0.01,0,45.1,42
2012,12,26,Wed,9.4,0.53,0,45.2,44
2012,12,27,Thurs,10.96,0.18,0,45.2,46
2012,12,28,Fri,7.16,0.16,0,45.3,47
2012,12,29,Sat,3.8,0,0,45.3,41
2012,12,30,Sun,3.8,0.06,0,45.4,40
2012,12,31,Mon,4.03,0,0,45.5,38
2013,1,1,Tues,4.47,0,0,45.6,41
2013,1,2,Wed,6.04,0,0,45.7,43
2013,1,3,Thurs,7.16,0,0,45.8,44
2013,1,4,Fri,6.71,0.16,0,45.9,50
2013,1,5,Sat,6.26,0.1,0,46,44
2013,1,6,Sun,6.93,0.12,0,46.1,45
2013,1,7,Mon,6.71,0.08,0,46.2,50
2013,1,8,Tues,16.33,0.09,0,46.3,53
2013,1,9,Wed,14.09,0.64,0,46.4,50
2013,1,10,Thurs,11.41,1.51,0,46.5,38
2013,1,11,Fri,4.7,0.01,0,46.7,37
2013,1,12,Sat,4.25,0,0,46.8,37
2013,1,13,Sun,4.47,0,0,46.9,36
2013,1,14,Mon,3.36,0,0,47,38
2013,1,15,Tues,2.91,0,0,47.1,44
2013,1,16,Wed,5.14,0,0,47.3,43
2013,1,17,Thurs,4.03,0,0,47.4,39
2013,1,18,Fri,2.24,0,0,47.5,38
2013,1,19,Sat,2.91,0,0,47.6,34
2013,1,20,Sun,4.25,0,0,47.7,38
2013,1,21,Mon,4.7,0,0,47.8,36
2013,1,22,Tues,2.46,0,0,47.9,38
2013,1,23,Wed,1.34,0,0,48,45
2013,1,24,Thurs,6.93,0.2,0,48.1,45
2013,1,25,Fri,5.82,0.23,0,48.2,51
2013,1,26,Sat,4.7,0.12,0,48.3,47
2013,1,27,Sun,10.07,0.09,0,48.4,42
2013,1,28,Mon,10.07,0.07,0,48.4,43
2013,1,29,Tues,7.16,0.31,0,48.5,47
2013,1,30,Wed,8.72,0.17,0,48.6,48
2013,1,31,Thurs,8.72,0.14,0,48.7,49
2013,2,1,Fri,8.95,0.12,0,48.8,53
2013,2,2,Sat,6.49,0.01,0,48.8,43
2013,2,3,Sun,4.47,0,0,48.9,48
2013,2,4,Mon,6.49,0.09,0,49,51
2013,2,5,Tues,5.82,0,0,49.1,50
2013,2,6,Wed,11.41,0.13,0,49.1,51
2013,2,7,Thurs,10.07,0.04,0,49.2,49
2013,2,8,Fri,9.17,0.05,0,49.3,46
2013,2,9,Sat,2.91,0,0,49.4,47
2013,2,10,Sun,2.91,0.01,0,49.4,48
2013,2,11,Mon,4.47,0,0,49.5,47
2013,2,12,Tues,3.13,0.01,0,49.6,52
2013,2,13,Wed,12.53,0.04,0,49.7,49
2013,2,14,Thurs,9.17,0.09,0,49.8,49
2013,2,15,Fri,4.92,0.04,0,49.9,56
2013,2,16,Sat,5.37,0,0,49.9,52
2013,2,17,Sun,12.53,0,0,50,49
2013,2,18,Mon,7.61,0,0,50.1,46
2013,2,19,Tues,4.25,0,0,50.2,51
2013,2,20,Wed,7.61,0,0,50.4,46
2013,2,21,Thurs,4.7,0.06,0,50.5,44
2013,2,22,Fri,13.87,0.02,0,50.6,46
2013,2,23,Sat,18.12,0.37,0,50.7,50
2013,2,24,Sun,10.29,0.01,0,50.8,48
2013,2,25,Mon,12.3,0,0,50.9,51
2013,2,26,Tues,15.88,0.09,0,51.1,48
2013,2,27,Wed,8.5,0.02,0,51.2,50
2013,2,28,Thurs,4.03,0.18,0,51.3,53
2013,3,1,Fri,8.5,0.32,0,51.5,59
2013,3,2,Sat,12.08,0.16,0,51.6,57
2013,3,3,Sun,10.07,0.03,0,51.8,52
2013,3,4,Mon,6.26,0,0,51.9,56
2013,3,5,Tues,8.72,0,0,52.1,49
2013,3,6,Wed,5.37,0,0,52.2,45
2013,3,7,Thurs,9.17,0.47,0,52.4,54
2013,3,8,Fri,5.59,0.29,0,52.5,53
2013,3,9,Sat,5.82,0,0,52.7,55
2013,3,10,Sun,2.91,0,0,52.8,46
2013,3,11,Mon,3.58,0.03,0,53,51
2013,3,12,Tues,2.46,0.05,0,53.1,55
2013,3,13,Wed,12.75,0.08,0,53.3,53
2013,3,14,Thurs,8.28,0.09,0,53.4,53
2013,3,15,Fri,6.71,0.11,0,53.6,58
2013,3,16,Sat,9.62,0,0,53.7,51
2013,3,17,Sun,14.32,0.17,0,53.9,48
2013,3,18,Mon,13.65,0,0,54,53
2013,3,19,Tues,13.2,0,0,54.2,55
2013,3,20,Wed,7.61,0.46,0,54.3,52
2013,3,21,Thurs,17,0.39,0,54.5,50
2013,3,22,Fri,10.96,0.32,0,54.6,49
2013,3,23,Sat,4.92,0,0,54.7,50
2013,3,24,Sun,5.82,0,0,54.9,54
2013,3,25,Mon,4.7,0,0,55,62
2013,3,26,Tues,6.26,0,0,55.2,62
2013,3,27,Wed,3.8,0,0,55.3,56
2013,3,28,Thurs,3.58,0.01,0,55.5,61
2013,3,29,Fri,2.91,0.08,0,55.6,65
2013,3,30,Sat,5.59,0,0,55.7,68
2013,3,31,Sun,9.84,0,0,55.9,69
2013,4,1,Mon,6.49,0,0,56,63
2013,4,2,Tues,8.05,0,0,56.2,57
2013,4,3,Wed,4.92,0,0,56.3,62
2013,4,4,Thurs,3.58,0,0,56.5,58
2013,4,5,Fri,6.71,0.33,0,56.6,57
2013,4,6,Sat,12.53,0.73,0,56.8,54
2013,4,7,Sun,11.18,0.5,0,56.9,47
2013,4,8,Mon,8.72,1.54,0,57.1,56
2013,4,9,Tues,6.93,0.03,0,57.2,54
2013,4,10,Wed,5.37,0,0,57.4,59
2013,4,11,Thurs,14.32,0.37,0,57.6,54
2013,4,12,Fri,8.5,0.06,0,57.7,46
2013,4,13,Sat,10.29,0.38,0,57.9,51
2013,4,14,Sun,12.75,0.37,0,58.1,55
2013,4,15,Mon,5.14,0.23,0,58.3,57
2013,4,16,Tues,5.37,0,0,58.5,57
2013,4,17,Wed,5.82,0.01,0,58.6,59
2013,4,18,Thurs,7.38,0,0,58.8,53
2013,4,19,Fri,8.95,0.21,0,59,56
2013,4,20,Sat,10.96,0.81,0,59.2,57
2013,4,21,Sun,12.97,0,0,59.4,54
2013,4,22,Mon,9.17,0.13,0,59.7,61
2013,4,23,Tues,9.62,0,0,59.9,64
2013,4,24,Wed,6.26,0,0,60.1,70
2013,4,25,Thurs,6.71,0,0,60.3,71
2013,4,26,Fri,2.46,0,0,60.5,69
2013,4,27,Sat,4.92,0,0,60.7,57
2013,4,28,Sun,13.2,0,0,61,59
2013,4,29,Mon,11.63,0.04,0,61.2,57
2013,4,30,Tues,9.4,0.15,0,61.4,55
2013,5,1,Wed,5.37,0,0,61.6,65
2013,5,2,Thurs,6.93,0,0,61.9,69
2013,5,3,Fri,8.95,0,0,62.1,71
2013,5,4,Sat,10.96,0,0,62.3,77
2013,5,5,Sun,14.54,0,0,62.5,84
2013,5,6,Mon,11.86,0,0,62.8,87
2013,5,7,Tues,4.47,0,0,63,69
2013,5,8,Wed,7.38,0,0,63.2,67
2013,5,9,Thurs,4.25,0,0,63.4,73
2013,5,10,Fri,2.91,0,0,63.6,79
2013,5,11,Sat,2.24,0,0,63.8,81
2013,5,12,Sun,5.82,0,0,64.1,71
2013,5,13,Mon,8.72,0.26,0,64.3,66
2013,5,14,Tues,11.18,0.13,0,64.5,65
2013,5,15,Wed,5.37,0,0,64.7,63
2013,5,16,Thurs,5.14,0.04,0,64.8,71
2013,5,17,Fri,6.04,0,0,65,63
2013,5,18,Sat,8.28,0.02,0,65.2,62
2013,5,19,Sun,6.49,0,0,65.4,65
2013,5,20,Mon,5.14,0,0,65.6,67
2013,5,21,Tues,4.03,0,0,65.7,60
2013,5,22,Wed,10.74,0.54,0,65.9,52
2013,5,23,Thurs,6.71,0.54,0,66.1,54
2013,5,24,Fri,4.25,0.16,0,66.2,62
2013,5,25,Sat,6.04,0.01,0,66.4,64
2013,5,26,Sun,6.04,0,0,66.5,65
2013,5,27,Mon,4.92,0.06,0,66.7,62
2013,5,28,Tues,6.93,0.38,0,66.8,63
2013,5,29,Wed,6.26,0.02,0,67,61
2013,5,30,Thurs,8.95,0.22,0,67.1,62
2013,5,31,Fri,11.86,0,0,67.3,67
2013,6,1,Sat,5.59,0,0,67.4,73
2013,6,2,Sun,5.59,0,0,67.6,69
2013,6,3,Mon,6.93,0.04,0,67.7,72
2013,6,4,Tues,6.49,0,0,67.9,79
2013,6,5,Wed,7.61,0,0,68,80
2013,6,6,Thurs,6.93,0,0,68.2,80
2013,6,7,Fri,5.59,0,0,68.3,71
2013,6,8,Sat,7.16,0,0,68.5,69
2013,6,9,Sun,6.93,0,0,68.6,69
2013,6,10,Mon,8.28,0,0,68.8,71
2013,6,11,Tues,7.16,0,0,69,68
2013,6,12,Wed,12.75,0,0,69.1,69
2013,6,13,Thurs,9.4,0.01,0,69.3,70
2013,6,14,Fri,5.82,0,0,69.5,68
2013,6,15,Sat,8.28,0,0,69.7,78
2013,6,16,Sun,6.49,0,0,69.8,75
2013,6,17,Mon,7.61,0,0,70,78
2013,6,18,Tues,6.71,0,0,70.2,74
2013,6,19,Wed,7.61,0.01,0,70.4,68
2013,6,20,Thurs,8.28,0,0,70.6,63
2013,6,21,Fri,11.18,0.12,0,70.8,69
2013,6,22,Sat,3.36,0.01,0,71,78
2013,6,23,Sun,3.8,0,0,71.3,72
2013,6,24,Mon,4.7,0.31,0,71.5,70
2013,6,25,Tues,8.28,0.19,0,71.7,74
2013,6,26,Wed,6.26,0.39,0,71.9,72
2013,6,27,Thurs,5.14,0.08,0,72.2,70
2013,6,28,Fri,2.91,0.14,0,72.4,87
2013,6,29,Sat,4.92,0,0,72.6,86
2013,6,30,Sun,3.8,0,0,72.8,93
2013,7,1,Mon,5.59,0,0,73.1,89
2013,7,2,Tues,5.14,0,0,73.3,83
2013,7,3,Wed,6.71,0,0,73.5,79
2013,7,4,Thurs,7.16,0,0,73.8,71
2013,7,5,Fri,4.92,0,0,74,74
2013,7,6,Sat,5.82,0,0,74.2,79
2013,7,7,Sun,4.92,0,0,74.4,75
2013,7,8,Mon,6.49,0,0,74.6,80
2013,7,9,Tues,6.26,0,0,74.9,86
2013,7,10,Wed,5.59,0,0,75.1,72
2013,7,11,Thurs,5.82,0,0,75.3,73
2013,7,12,Fri,6.71,0,0,75.4,67
2013,7,13,Sat,4.92,0,0,75.6,79
2013,7,14,Sun,6.93,0,0,75.8,82
2013,7,15,Mon,6.71,0,0,76,82
2013,7,16,Tues,10.29,0,0,76.1,88
2013,7,17,Wed,9.17,0,0,76.3,72
2013,7,18,Thurs,8.28,0,0,76.4,79
2013,7,19,Fri,4.47,0,0,76.6,82
2013,7,20,Sat,4.25,0,0,76.7,77
2013,7,21,Sun,4.47,0,0,76.8,75
2013,7,22,Mon,5.14,0,0,76.9,79
2013,7,23,Tues,5.37,0,0,77,88
2013,7,24,Wed,6.71,0,0,77.1,88
2013,7,25,Thurs,5.59,0,0,77.1,88
2013,7,26,Fri,5.14,0,0,77.2,88
2013,7,27,Sat,6.49,0,0,77.3,78
2013,7,28,Sun,5.82,0,0,77.3,70
2013,7,29,Mon,7.61,0,0,77.3,77
2013,7,30,Tues,3.13,0,0,77.3,77
2013,7,31,Wed,6.26,0,0,77.4,71
2013,8,1,Thurs,4.03,0,0,77.4,69
2013,8,2,Fri,8.72,0,0,77.4,63
2013,8,3,Sat,4.47,0.08,0,77.3,77
2013,8,4,Sun,5.37,0,0,77.3,84
2013,8,5,Mon,7.61,0,0,77.3,86
2013,8,6,Tues,4.7,0,0,77.2,87
2013,8,7,Wed,3.13,0,0,77.2,88
2013,8,8,Thurs,4.25,0,0,77.1,83
2013,8,9,Fri,5.59,0,0,77.1,83
2013,8,10,Sat,4.7,0,0,77,78
2013,8,11,Sun,6.49,0.09,0,76.9,77
2013,8,12,Mon,6.49,0,0,76.9,78
2013,8,13,Tues,4.25,0,0,76.8,82
2013,8,14,Wed,4.03,0,0,76.7,81
2013,8,15,Thurs,4.47,0.03,0,76.6,70
2013,8,16,Fri,2.24,0.07,0,76.5,84
2013,8,17,Sat,4.92,0,0,76.4,78
2013,8,18,Sun,6.71,0,0,76.3,79
2013,8,19,Mon,6.93,0,0,76.2,80
2013,8,20,Tues,6.71,0,0,76.1,78
2013,8,21,Wed,10.29,0,0,75.9,82
2013,8,22,Thurs,9.62,0,0,75.8,84
2013,8,23,Fri,4.25,0,0,75.7,77
2013,8,24,Sat,9.17,0,0,75.5,77
2013,8,25,Sun,6.04,0,0,75.4,72
2013,8,26,Mon,5.82,0.01,0,75.3,76
2013,8,27,Tues,4.25,0.04,0,75.1,80
2013,8,28,Wed,3.13,0.05,0,75,80
2013,8,29,Thurs,2.91,0.22,0,74.8,75
2013,8,30,Fri,6.71,0.76,0,74.6,79
2013,8,31,Sat,6.49,0,0,74.4,82
2013,9,1,Sun,5.82,0,0,74.3,82
2013,9,2,Mon,5.59,0,0,74.1,82
2013,9,3,Tues,4.7,0,0,73.9,77
2013,9,4,Wed,3.8,0.09,0,73.7,73
2013,9,5,Thurs,5.37,0.01,0,73.5,68
2013,9,6,Fri,5.59,1.09,0,73.3,71
2013,9,7,Sat,5.82,0.84,0,73,74
2013,9,8,Sun,4.47,0,0,72.8,80
2013,9,9,Mon,3.36,0,0,72.6,79
2013,9,10,Tues,4.7,0,0,72.3,80
2013,9,11,Wed,8.28,0,0,72.1,93
2013,9,12,Thurs,5.37,0,0,71.8,78
2013,9,13,Fri,3.8,0,0,71.5,66
2013,9,14,Sat,4.47,0,0,71.2,71
2013,9,15,Sun,3.13,0,0,71,66
2013,9,16,Mon,4.92,0.13,0,70.7,71
2013,9,17,Tues,9.62,0.01,0,70.3,64
2013,9,18,Wed,5.14,0,0,70,70
2013,9,19,Thurs,5.59,0,0,69.7,78
2013,9,20,Fri,3.36,0,0,69.4,74
2013,9,21,Sat,6.71,0.14,0,69,70
2013,9,22,Sun,5.59,0,0,68.7,63
2013,9,23,Mon,12.3,0.53,0,68.3,61
2013,9,24,Tues,10.07,0.11,0,68,64
2013,9,25,Wed,5.82,0,0,67.6,61
2013,9,26,Thurs,6.71,0.08,0,67.2,63
2013,9,27,Fri,4.92,0,0,66.8,57
2013,9,28,Sat,9.62,0.04,0,66.5,62
2013,9,29,Sun,13.42,1.71,0,66.1,58
2013,9,30,Mon,15.88,0.66,0,65.7,57
2013,10,1,Tues,14.09,0.73,0,65.3,58
2013,10,2,Wed,10.51,0.31,0,64.9,55
2013,10,3,Thurs,5.37,0.21,0,64.5,58
2013,10,4,Fri,2.01,0.03,0,64.1,64
2013,10,5,Sat,2.46,0,0,63.7,68
2013,10,6,Sun,3.58,0,0,63.3,73
2013,10,7,Mon,5.82,0.16,0,62.9,61
2013,10,8,Tues,14.09,0.02,0,62.5,57
2013,10,9,Wed,6.71,0.27,0,62.1,59
2013,10,10,Thurs,3.58,0,0,61.8,58
2013,10,11,Fri,3.8,0.04,0,61.4,57
2013,10,12,Sat,2.24,0.36,0,61,58
2013,10,13,Sun,4.92,0.04,0,60.6,59
2013,10,14,Mon,4.03,0,0,60.2,60
2013,10,15,Tues,3.58,0,0,59.9,60
2013,10,16,Wed,2.01,0,0,59.5,55
2013,10,17,Thurs,6.04,0,0,59.1,58
2013,10,18,Fri,3.8,0,0,58.8,55
2013,10,19,Sat,2.68,0,0,58.4,51
2013,10,20,Sun,3.13,0,0,58.1,51
2013,10,21,Mon,5.37,0,0,57.8,53
2013,10,22,Tues,5.59,0,0,57.4,58
2013,10,23,Wed,4.25,0,0,57.1,55
2013,10,24,Thurs,0.89,0,0,56.8,50
2013,10,25,Fri,1.34,0,0,56.5,54
2013,10,26,Sat,4.03,0,0,56.2,53
2013,10,27,Sun,6.04,0,0,55.9,57
2013,10,28,Mon,9.84,0.07,0,55.6,58
2013,10,29,Tues,11.41,0,0,55.3,56
2013,10,30,Wed,4.92,0,0,55,59
2013,10,31,Thurs,8.72,0.02,0,54.8,58
2013,11,1,Fri,4.92,0.01,0,54.5,64
2013,11,2,Sat,3.13,0.05,0,54.2,58
2013,11,3,Sun,17.67,0.5,0,53.9,54
2013,11,4,Mon,5.37,0.02,0,53.7,51
2013,11,5,Tues,3.58,0,0,53.4,56
2013,11,6,Wed,6.93,0.1,0,53.2,55
2013,11,7,Thurs,3.8,0.15,0,52.9,52
2013,11,8,Fri,16.11,1.18,0,52.7,56
2013,11,9,Sat,9.17,0,0,52.4,52
2013,11,10,Sun,3.13,0.07,0,52.2,52
2013,11,11,Mon,9.84,0,0,51.9,61
2013,11,12,Tues,5.82,0,0,51.7,60
2013,11,13,Wed,4.92,0.16,0,51.4,57
2013,11,14,Thurs,8.5,0,0,51.2,52
2013,11,15,Fri,2.46,0.05,0,51,51
2013,11,16,Sat,13.42,0.12,0,50.7,50
2013,11,17,Sun,10.29,0,0,50.5,53
2013,11,18,Mon,12.08,0.21,0,50.3,55
2013,11,19,Tues,8.72,1.03,0,50,56
2013,11,20,Wed,11.41,0.04,0,49.8,46
2013,11,21,Thurs,9.62,0,0,49.5,46
2013,11,22,Fri,8.05,0,0,49.3,49
2013,11,23,Sat,10.29,0,0,49.1,52
2013,11,24,Sun,5.82,0,0,48.9,53
2013,11,25,Mon,2.01,0,0,48.6,54
2013,11,26,Tues,1.12,0,0,48.4,54
2013,11,27,Wed,2.24,0,0,48.2,58
2013,11,28,Thurs,2.91,0,0,48,53
2013,11,29,Fri,1.57,0,0,47.8,49
2013,11,30,Sat,4.7,0.02,0,47.6,52
2013,12,1,Sun,8.72,0.09,0,47.4,56
2013,12,2,Mon,19.69,0.12,0,47.2,46
2013,12,3,Tues,7.83,0.18,0,47,41
2013,12,4,Wed,12.53,0,0,46.8,40
2013,12,5,Thurs,3.58,0,0,46.6,34
2013,12,6,Fri,5.82,0,0,46.4,34
2013,12,7,Sat,10.51,0,0,46.3,32
2013,12,8,Sun,6.93,0,0,46.1,36
2013,12,9,Mon,4.92,0,0,46,34
2013,12,10,Tues,2.91,0,0,45.9,42
2013,12,11,Wed,3.36,0,0,45.7,41
2013,12,12,Thurs,1.79,0,0,45.6,42
2013,12,13,Fri,5.14,0.27,0,45.5,49
2013,12,14,Sat,6.49,0.02,0,45.4,49
2013,12,15,Sun,8.28,0,0,45.3,53
2013,12,16,Mon,8.72,0.05,0,45.3,50
2013,12,17,Tues,2.24,0.01,0,45.2,47
2013,12,18,Wed,6.04,0,0,45.2,46
2013,12,19,Thurs,6.26,0.05,0,45.1,41
2013,12,20,Fri,4.7,0,0,45.1,47
2013,12,21,Sat,8.28,0.22,0,45.1,48
2013,12,22,Sun,5.14,0.22,0,45.1,51
2013,12,23,Mon,8.95,0.42,0,45.1,53
2013,12,24,Tues,13.2,0.06,0,45.1,47
2013,12,25,Wed,3.8,0,0,45.1,44
2013,12,26,Thurs,1.79,0,0,45.2,44
2013,12,27,Fri,1.12,0,0,45.2,48
2013,12,28,Sat,4.7,0.01,0,45.3,49
2013,12,29,Sun,2.91,0,0,45.3,45
2013,12,30,Mon,2.46,0,0,45.4,48
2013,12,31,Tues,5.82,0.01,0,45.5,47
2014,1,1,Wed,3.8,0.02,0,45.6,45
2014,1,2,Thurs,2.68,0,0,45.7,51
2014,1,3,Fri,7.16,0.16,0,45.8,48
2014,1,4,Sat,5.82,0.06,0,45.9,46
2014,1,5,Sun,6.04,0,0,46,47
2014,1,6,Mon,8.28,0,0,46.1,46
2014,1,7,Tues,5.82,0.01,0,46.2,47
2014,1,8,Wed,3.58,0.48,0,46.3,50
2014,1,9,Thurs,10.29,0.38,0,46.4,49
2014,1,10,Fri,14.09,0.23,0,46.5,55
2014,1,11,Sat,15.66,0.17,0,46.7,58
2014,1,12,Sun,19.69,0.84,0,46.8,52
2014,1,13,Mon,18.12,0.06,0,46.9,51
2014,1,14,Tues,15.88,0,0,47,52
2014,1,15,Wed,2.91,0,0,47.1,52
2014,1,16,Thurs,5.59,0,0,47.3,44
2014,1,17,Fri,6.04,0,0,47.4,42
2014,1,18,Sat,5.14,0,0,47.5,49
2014,1,19,Sun,4.92,0,0,47.6,43
2014,1,20,Mon,5.59,0,0,47.7,50
2014,1,21,Tues,4.92,0,0,47.8,50
2014,1,22,Wed,3.36,0,0,47.9,49
2014,1,23,Thurs,5.82,0.02,0,48,50
2014,1,24,Fri,11.63,0,0,48.1,55
2014,1,25,Sat,4.25,0,0,48.2,54
2014,1,26,Sun,1.79,0,0,48.3,47
2014,1,27,Mon,2.91,0,0,48.4,49
2014,1,28,Tues,2.91,0,0,48.4,52
2014,1,29,Wed,3.58,0.35,0,48.5,52
2014,1,30,Thurs,7.61,0.85,0,48.6,47
2014,1,31,Fri,14.32,0,0,48.7,46
2014,2,1,Sat,5.82,0.09,0,48.8,46
2014,2,2,Sun,1.79,0.08,0,48.8,48
2014,2,3,Mon,5.59,0,0,48.9,41
2014,2,4,Tues,9.62,0,0,49,37
2014,2,5,Wed,10.51,0,0,49.1,31
2014,2,6,Thurs,14.76,0,0,49.1,29
2014,2,7,Fri,10.07,0,0,49.2,38
2014,2,8,Sat,9.4,0,0,49.3,42
2014,2,9,Sun,10.29,0.2,0,49.4,39
2014,2,10,Mon,5.37,0.02,3,49.4,50
2014,2,11,Tues,10.51,0.72,0,49.5,54
2014,2,12,Wed,8.5,0.67,0,49.6,54
2014,2,13,Thurs,14.32,0.18,0,49.7,55
2014,2,14,Fri,14.09,0.07,0,49.8,53
2014,2,15,Sat,14.32,0.37,0,49.9,52
2014,2,16,Sun,11.41,0.46,0,49.9,49
2014,2,17,Mon,17.67,1.04,0,50,47
2014,2,18,Tues,12.3,0.57,0,50.1,48
2014,2,19,Wed,13.87,0.6,0,50.2,47
2014,2,20,Thurs,13.42,0.04,0,50.4,50
2014,2,21,Fri,15.43,0.12,0,50.5,44
2014,2,22,Sat,6.49,0.11,0,50.6,42
2014,2,23,Sun,6.93,0.1,0,50.7,45
2014,2,24,Mon,5.82,0.24,0,50.8,44
2014,2,25,Tues,7.16,0.51,0,50.9,54
2014,2,26,Wed,10.07,0.01,0,51.1,57
2014,2,27,Thurs,5.59,0,0,51.2,55
2014,2,28,Fri,5.14,0,0,51.3,58
2014,3,1,Sat,13.2,0,0,51.5,45
2014,3,2,Sun,10.51,0.02,0,51.6,52
2014,3,3,Mon,12.75,0.75,0,51.8,58
2014,3,4,Tues,11.41,0.42,0,51.9,57
2014,3,5,Wed,8.72,0.65,0,52.1,60
2014,3,6,Thurs,8.72,1.84,0,52.2,56
2014,3,7,Fri,13.87,0.12,0,52.4,60
2014,3,8,Sat,9.4,0,0,52.5,55
2014,3,9,Sun,6.04,1.27,0,52.7,59
2014,3,10,Mon,9.62,0.17,0,52.8,54
2014,3,11,Tues,4.92,0.74,0,53,58
2014,3,12,Wed,5.14,0,0,53.1,61
2014,3,13,Thurs,4.25,0,0,53.3,57
2014,3,14,Fri,5.59,0.02,0,53.4,58
2014,3,15,Sat,13.65,0.27,0,53.6,62
2014,3,16,Sun,6.71,0.32,0,53.7,51
2014,3,17,Mon,8.5,1.09,0,53.9,50
2014,3,18,Tues,7.16,0.01,0,54,50
2014,3,19,Wed,3.58,0,0,54.2,52
2014,3,20,Thurs,11.41,0.02,0,54.3,52
2014,3,21,Fri,6.71,0,0,54.5,51
2014,3,22,Sat,8.5,0,0,54.6,52
2014,3,23,Sun,4.03,0,0,54.7,55
2014,3,24,Mon,7.38,0,0,54.9,66
2014,3,25,Tues,4.92,0,0,55,57
2014,3,26,Wed,9.84,0.16,0,55.2,52
2014,3,27,Thurs,5.37,0.14,0,55.3,54
2014,3,28,Fri,6.26,0.01,0,55.5,53
2014,3,29,Sat,8.72,0.87,0,55.6,53
2014,3,30,Sun,11.41,0.55,0,55.7,52
2014,3,31,Mon,11.41,0,0,55.9,60
2014,4,1,Tues,8.5,0,0,56,58
2014,4,2,Wed,6.26,0,0,56.2,58
2014,4,3,Thurs,9.4,0,0,56.3,56
2014,4,4,Fri,8.72,0.1,0,56.5,55
2014,4,5,Sat,10.51,0,0,56.6,53
2014,4,6,Sun,9.62,0.18,0,56.8,57
2014,4,7,Mon,5.82,0,0,56.9,70
2014,4,8,Tues,5.59,0,0,57.1,60
2014,4,9,Wed,9.4,0.18,0,57.2,58
2014,4,10,Thurs,6.49,0,0,57.4,59
2014,4,11,Fri,8.05,0,0,57.6,63
2014,4,12,Sat,6.26,0,0,57.7,61
2014,4,13,Sun,9.84,0,0,57.9,69
2014,4,14,Mon,6.93,0,0,58.1,68
2014,4,15,Tues,5.82,0,0,58.3,58
2014,4,16,Wed,8.95,0.02,0,58.5,52
2014,4,17,Thurs,10.29,0.43,0,58.6,53
2014,4,18,Fri,10.51,0.73,0,58.8,58
2014,4,19,Sat,8.5,0,0,59,53
2014,4,20,Sun,10.51,0.54,0,59.2,60
2014,4,21,Mon,6.04,0,0,59.4,63
2014,4,22,Tues,5.59,0.2,0,59.7,54
2014,4,23,Wed,9.4,0.56,0,59.9,53
2014,4,24,Thurs,11.18,0.35,0,60.1,57
2014,4,25,Fri,11.86,0.49,0,60.3,58
2014,4,26,Sat,5.14,0,0,60.5,59
2014,4,27,Sun,8.72,0.13,0,60.7,52
2014,4,28,Mon,12.97,0.27,0,61,61
2014,4,29,Tues,5.82,0,0,61.2,77
2014,4,30,Wed,5.14,0,0,61.4,82
2014,5,1,Thurs,8.72,0,0,61.6,85
2014,5,2,Fri,6.71,0,0,61.9,65
2014,5,3,Sat,10.51,0,0,62.1,59
2014,5,4,Sun,7.61,1.31,0,62.3,58
2014,5,5,Mon,9.4,0.63,0,62.5,60
2014,5,6,Tues,8.5,0.2,0,62.8,62
2014,5,7,Wed,5.82,0,0,63,65
2014,5,8,Thurs,3.8,0,0,63.2,57
2014,5,9,Fri,7.61,0.54,0,63.4,56
2014,5,10,Sat,12.53,0.08,0,63.6,60
2014,5,11,Sun,4.7,0.02,0,63.8,66
2014,5,12,Mon,3.8,0,0,64.1,76
2014,5,13,Tues,6.04,0,0,64.3,80
2014,5,14,Wed,8.5,0,0,64.5,82
2014,5,15,Thurs,7.38,0,0,64.7,80
2014,5,16,Fri,6.71,0,0,64.8,68
2014,5,17,Sat,9.17,0,0,65,68
2014,5,18,Sun,7.16,0,0,65.2,68
2014,5,19,Mon,7.16,0,0,65.4,70
2014,5,20,Tues,4.92,0,0,65.6,72
2014,5,21,Wed,6.04,0,0,65.7,68
2014,5,22,Thurs,3.8,0,0,65.9,76
2014,5,23,Fri,5.59,0,0,66.1,68
2014,5,24,Sat,8.95,0.15,0,66.2,65
2014,5,25,Sun,5.37,0,0,66.4,59
2014,5,26,Mon,3.13,0.22,0,66.5,65
2014,5,27,Tues,10.07,0,0,66.7,68
2014,5,28,Wed,5.59,0,0,66.8,66
2014,5,29,Thurs,7.61,0,0,67,66
2014,5,30,Fri,9.62,0,0,67.1,69
2014,5,31,Sat,10.07,0,0,67.3,74
2014,6,1,Sun,4.92,0,0,67.4,72
2014,6,2,Mon,5.14,0,0,67.6,74
2014,6,3,Tues,5.37,0,0,67.7,65
2014,6,4,Wed,7.16,0,0,67.9,67
2014,6,5,Thurs,5.82,0,0,68,72
2014,6,6,Fri,5.37,0,0,68.2,77
2014,6,7,Sat,7.16,0,0,68.3,76
2014,6,8,Sun,6.93,0,0,68.5,74
2014,6,9,Mon,4.7,0,0,68.6,70
2014,6,10,Tues,8.05,0,0,68.8,68
2014,6,11,Wed,6.49,0,0,69,75
2014,6,12,Thurs,6.04,0,0,69.1,71
2014,6,13,Fri,8.95,0.07,0,69.3,60
2014,6,14,Sat,11.18,0.25,0,69.5,64
2014,6,15,Sun,7.16,0,0,69.7,65
2014,6,16,Mon,8.05,0.02,0,69.8,64
2014,6,17,Tues,5.37,0.14,0,70,64
2014,6,18,Wed,6.71,0.05,0,70.2,66
2014,6,19,Thurs,6.04,0,0,70.4,78
2014,6,20,Fri,8.28,0.03,0,70.6,68
2014,6,21,Sat,7.61,0.01,0,70.8,72
2014,6,22,Sun,8.05,0,0,71,77
2014,6,23,Mon,6.04,0,0,71.3,77
2014,6,24,Tues,5.59,0,0,71.5,76
2014,6,25,Wed,5.59,0,0,71.7,79
2014,6,26,Thurs,5.37,0,0,71.9,70
2014,6,27,Fri,9.17,0,0,72.2,70
2014,6,28,Sat,10.07,0.07,0,72.4,68
2014,6,29,Sun,9.62,0.09,0,72.6,69
2014,6,30,Mon,7.16,0,0,72.8,78
2014,7,1,Tues,9.84,0,0,73.1,94
2014,7,2,Wed,7.83,0,0,73.3,81
2014,7,3,Thurs,8.05,0,0,73.5,71
2014,7,4,Fri,6.93,0,0,73.8,75
2014,7,5,Sat,8.05,0,0,74,76
2014,7,6,Sun,4.92,0,0,74.2,84
2014,7,7,Mon,6.71,0,0,74.4,81
2014,7,8,Tues,9.17,0,0,74.6,86
2014,7,9,Wed,7.83,0,0,74.9,80
2014,7,10,Thurs,5.14,0,0,75.1,84
2014,7,11,Fri,4.92,0,0,75.3,88
2014,7,12,Sat,4.92,0,0,75.4,90
2014,7,13,Sun,4.92,0,0,75.6,85
2014,7,14,Mon,5.82,0,0,75.8,82
2014,7,15,Tues,6.26,0,0,76,88
2014,7,16,Wed,5.14,0,0,76.1,88
2014,7,17,Thurs,5.37,0,0,76.3,80
2014,7,18,Fri,8.28,0,0,76.4,75
2014,7,19,Sat,6.26,0,0,76.6,78
2014,7,20,Sun,12.08,0,0,76.7,67
2014,7,21,Mon,6.26,0,0,76.8,75
2014,7,22,Tues,4.92,0,0,76.9,70
2014,7,23,Wed,2.46,0.01,0,77,66
2014,7,24,Thurs,7.38,0.76,0,77.1,69
2014,7,25,Fri,10.51,0,0,77.1,73
2014,7,26,Sat,6.04,0,0,77.2,79
2014,7,27,Sun,8.05,0,0,77.3,83
2014,7,28,Mon,9.17,0,0,77.3,87
2014,7,29,Tues,8.28,0,0,77.3,86
2014,7,30,Wed,6.26,0,0,77.3,85
2014,7,31,Thurs,7.61,0,0,77.4,87
2014,8,1,Fri,9.17,0,0,77.4,84
2014,8,2,Sat,7.38,0,0,77.4,85
2014,8,3,Sun,3.8,0.02,0,77.3,89
2014,8,4,Mon,5.82,0,0,77.3,91
2014,8,5,Tues,5.82,0,0,77.3,77
2014,8,6,Wed,6.04,0,0,77.2,79
2014,8,7,Thurs,4.92,0,0,77.2,78
2014,8,8,Fri,5.37,0,0,77.1,78
2014,8,9,Sat,6.49,0,0,77.1,81
2014,8,10,Sun,9.17,0,0,77,87
2014,8,11,Mon,7.61,0,0,76.9,96
2014,8,12,Tues,5.82,0.02,0,76.9,81
2014,8,13,Wed,6.93,0.5,0,76.8,74
2014,8,14,Thurs,6.04,0.85,0,76.7,70
2014,8,15,Fri,1.34,0,0,76.6,76
2014,8,16,Sat,3.36,0.04,0,76.5,78
2014,8,17,Sun,4.92,0,0,76.4,82
2014,8,18,Mon,6.26,0,0,76.3,85
2014,8,19,Tues,7.38,0,0,76.2,81
2014,8,20,Wed,5.37,0,0,76.1,71
2014,8,21,Thurs,8.05,0,0,75.9,70
2014,8,22,Fri,3.8,0,0,75.8,75
2014,8,23,Sat,6.49,0,0,75.7,82
2014,8,24,Sun,4.47,0,0,75.5,77
2014,8,25,Mon,5.14,0,0,75.4,84
2014,8,26,Tues,4.47,0,0,75.3,88
2014,8,27,Wed,4.03,0,0,75.1,84
2014,8,28,Thurs,3.58,0,0,75,74
2014,8,29,Fri,5.14,0,0,74.8,73
2014,8,30,Sat,7.61,0,0,74.6,64
2014,8,31,Sun,4.92,0.33,0,74.4,70
2014,9,1,Mon,4.25,0.05,0,74.3,74
2014,9,2,Tues,5.59,0,0,74.1,68
2014,9,3,Wed,9.62,0.12,0,73.9,69
2014,9,4,Thurs,6.04,0,0,73.7,75
2014,9,5,Fri,6.93,0,0,73.5,82
2014,9,6,Sat,14.54,0,0,73.3,90
2014,9,7,Sun,6.49,0,0,73,83
2014,9,8,Mon,4.7,0,0,72.8,70
2014,9,9,Tues,6.26,0,0,72.6,71
2014,9,10,Wed,5.14,0,0,72.3,72
2014,9,11,Thurs,8.72,0,0,72.1,76
2014,9,12,Fri,11.86,0,0,71.8,76
2014,9,13,Sat,13.2,0,0,71.5,83
2014,9,14,Sun,9.4,0,0,71.2,86
2014,9,15,Mon,4.03,0,0,71,87
2014,9,16,Tues,2.68,0,0,70.7,72
2014,9,17,Wed,6.26,0,0,70.3,73
2014,9,18,Thurs,5.14,0.02,0,70,67
2014,9,19,Fri,6.93,0.01,0,69.7,75
2014,9,20,Sat,6.26,0,0,69.4,76
2014,9,21,Sun,9.84,0,0,69,79
2014,9,22,Mon,6.71,0,0,68.7,72
2014,9,23,Tues,4.7,0.01,0,68.3,66
2014,9,24,Wed,5.59,0.72,0,68,66
2014,9,25,Thurs,6.04,0.8,0,67.6,71
2014,9,26,Fri,5.59,0.17,0,67.2,68
2014,9,27,Sat,7.38,0.35,0,66.8,69
2014,9,28,Sun,7.16,0,0,66.5,66
2014,9,29,Mon,4.47,0,0,66.1,62
2014,9,30,Tues,7.83,0.03,0,65.7,67
2014,10,1,Wed,5.82,0,0,65.3,65
2014,10,2,Thurs,4.7,0,0,64.9,67
2014,10,3,Fri,4.47,0,0,64.5,72
2014,10,4,Sat,2.24,0,0,64.1,71
2014,10,5,Sun,2.68,0,0,63.7,75
2014,10,6,Mon,3.13,0,0,63.3,78
2014,10,7,Tues,5.59,0,0,62.9,66
2014,10,8,Wed,2.24,0,0,62.5,69
2014,10,9,Thurs,4.03,0,0,62.1,63
2014,10,10,Fri,2.24,0,0,61.8,65
2014,10,11,Sat,8.5,0.01,0,61.4,65
2014,10,12,Sun,7.83,0.29,0,61,64
2014,10,13,Mon,4.7,0,0,60.6,70
2014,10,14,Tues,6.93,0.3,0,60.2,62
2014,10,15,Wed,4.92,0.28,0,59.9,61
2014,10,16,Thurs,10.51,0.34,0,59.5,69
2014,10,17,Fri,7.38,0,0,59.1,62
2014,10,18,Sat,6.71,0.13,0,58.8,67
2014,10,19,Sun,4.25,0.59,0,58.4,72
2014,10,20,Mon,7.16,0,0,58.1,61
2014,10,21,Tues,6.93,0.46,0,57.8,61
2014,10,22,Wed,10.51,0.04,0,57.4,60
2014,10,23,Thurs,11.18,1.26,0,57.1,58
2014,10,24,Fri,10.29,0.37,0,56.8,58
2014,10,25,Sat,7.16,0.16,0,56.5,62
2014,10,26,Sun,12.08,0.24,0,56.2,55
2014,10,27,Mon,11.18,0.06,0,55.9,60
2014,10,28,Tues,5.37,0.03,0,55.6,59
2014,10,29,Wed,8.72,0.5,0,55.3,62
2014,10,30,Thurs,6.93,0.02,0,55,60
2014,10,31,Fri,7.16,1,0,54.8,55
2014,11,1,Sat,4.47,0.67,0,54.5,52
2014,11,2,Sun,2.68,0,0,54.2,56
2014,11,3,Mon,6.49,0.07,0,53.9,57
2014,11,4,Tues,10.74,0.43,0,53.7,58
2014,11,5,Wed,7.38,0.16,0,53.4,59
2014,11,6,Thurs,4.7,0.19,0,53.2,62
2014,11,7,Fri,14.99,0.16,0,52.9,58
2014,11,8,Sat,5.14,0,0,52.7,55
2014,11,9,Sun,1.79,0,0,52.4,56
2014,11,10,Mon,6.71,0.2,0,52.2,52
2014,11,11,Tues,8.72,0,0,51.9,46
2014,11,12,Wed,17.22,0,0,51.7,44
2014,11,13,Thurs,17,0,0,51.4,45
2014,11,14,Fri,10.51,0,0,51.2,45
2014,11,15,Sat,10.07,0,0,51,47
2014,11,16,Sun,9.4,0,0,50.7,49
2014,11,17,Mon,9.4,0,0,50.5,51
2014,11,18,Tues,4.25,0,0,50.3,45
2014,11,19,Wed,2.01,0,0,50,52
2014,11,20,Thurs,4.25,0,0,49.8,52
2014,11,21,Fri,4.7,0.14,0,49.5,52
2014,11,22,Sat,10.51,0.6,0,49.3,49
2014,11,23,Sun,10.51,0.02,0,49.1,55
2014,11,24,Mon,11.41,0.47,0,48.9,53
2014,11,25,Tues,8.5,0.05,0,48.6,57
2014,11,26,Wed,10.07,0.72,0,48.4,59
2014,11,27,Thurs,8.72,0.01,0,48.2,58
2014,11,28,Fri,14.76,0.13,0,48,55
2014,11,29,Sat,12.97,1.35,0,47.8,40
2014,11,30,Sun,11.86,0.14,0,47.6,37
2014,12,1,Mon,9.84,0,0,47.4,40
2014,12,2,Tues,4.92,0,0,47.2,42
2014,12,3,Wed,12.75,0,0,47,50
2014,12,4,Thurs,8.05,0,0,46.8,47
2014,12,5,Fri,2.46,0.03,0,46.6,55
2014,12,6,Sat,6.93,0.12,0,46.4,53
2014,12,7,Sun,8.05,0.29,0,46.3,58
2014,12,8,Mon,6.26,0,0,46.1,58
2014,12,9,Tues,9.4,0.36,0,46,61
2014,12,10,Wed,11.41,0.39,0,45.9,66
2014,12,11,Thurs,14.99,0.51,0,45.7,58
2014,12,12,Fri,14.32,0.27,0,45.6,52
2014,12,13,Sat,8.28,0,0,45.5,50
2014,12,14,Sun,2.46,0,0,45.4,55
2014,12,15,Mon,7.83,0,0,45.3,54
2014,12,16,Tues,13.2,0,0,45.3,50
2014,12,17,Wed,8.95,0,0,45.2,48
2014,12,18,Thurs,3.58,0.11,0,45.2,49
2014,12,19,Fri,6.93,0.51,0,45.1,52
2014,12,20,Sat,9.62,0.12,0,45.1,55
2014,12,21,Sun,12.3,0.77,0,45.1,55
2014,12,22,Mon,11.63,0,0,45.1,51
2014,12,23,Tues,3.36,0,0,45.1,54
2014,12,24,Wed,8.5,0.81,0,45.1,45
2014,12,25,Thurs,4.03,0.21,0,45.1,46
2014,12,26,Fri,4.92,0,0,45.2,42
2014,12,27,Sat,2.68,0,0,45.2,49
2014,12,28,Sun,10.96,0.13,0,45.3,44
2014,12,29,Mon,4.03,0.16,0,45.3,43
2014,12,30,Tues,9.62,0,0,45.4,38
2014,12,31,Wed,8.05,0,0,45.5,38
2015,1,1,Thurs,6.71,0,0,45.6,42
2015,1,2,Fri,2.68,0,0,45.7,42
2015,1,3,Sat,5.14,0.06,0,45.8,41
2015,1,4,Sun,3.8,0,0,45.9,51
2015,1,5,Mon,10.07,0.4,0,46,54
2015,1,6,Tues,14.32,0.32,0,46.1,54
2015,1,7,Wed,2.91,0,0,46.2,46
2015,1,8,Thurs,3.58,0,0,46.3,46
2015,1,9,Fri,5.82,0,0,46.4,50
2015,1,10,Sat,1.34,0.01,0,46.5,46
2015,1,11,Sun,1.12,0.23,0,46.7,49
2015,1,12,Mon,2.46,0.06,0,46.8,52
2015,1,13,Tues,3.58,0,0,46.9,49
2015,1,14,Wed,6.04,0,0,47,43
2015,1,15,Thurs,6.26,0,0,47.1,46
2015,1,16,Fri,7.16,0.38,0,47.3,53
2015,1,17,Sat,10.07,0,0,47.4,56
2015,1,18,Sun,6.26,1.03,0,47.5,57
2015,1,19,Mon,14.76,0.84,0,47.6,50
2015,1,20,Tues,6.26,0.02,0,47.7,50
2015,1,21,Wed,6.71,0,0,47.8,45
2015,1,22,Thurs,2.91,0,0,47.9,49
2015,1,23,Fri,2.91,0.03,0,48,54
2015,1,24,Sat,5.82,0.23,0,48.1,58
2015,1,25,Sun,7.38,0.02,0,48.2,63
2015,1,26,Mon,3.13,0,0,48.3,61
2015,1,27,Tues,4.92,0,0,48.4,52
2015,1,28,Wed,4.47,0.03,0,48.4,54
2015,1,29,Thurs,4.03,0,0,48.5,54
2015,1,30,Fri,6.49,0,0,48.6,47
2015,1,31,Sat,1.79,0,0,48.7,45
2015,2,1,Sun,4.25,0,0,48.8,49
2015,2,2,Mon,5.82,0.06,0,48.8,52
2015,2,3,Tues,8.95,0.29,0,48.9,50
2015,2,4,Wed,4.25,0.05,0,49,51
2015,2,5,Thurs,3.8,0.33,0,49.1,56
2015,2,6,Fri,10.29,1.03,0,49.1,58
2015,2,7,Sat,10.07,0.68,0,49.2,54
2015,2,8,Sun,10.29,0.93,0,49.3,59
2015,2,9,Mon,8.72,0.14,0,49.4,56
2015,2,10,Tues,5.59,0.24,0,49.4,55
2015,2,11,Wed,8.95,0.01,0,49.5,55
2015,2,12,Thurs,2.24,0,0,49.6,62
2015,2,13,Fri,4.7,0.04,0,49.7,60
2015,2,14,Sat,3.8,0,0,49.8,58
2015,2,15,Sun,6.49,0.01,0,49.9,54
2015,2,16,Mon,10.74,0,0,49.9,59
2015,2,17,Tues,14.76,0,0,50,61
2015,2,18,Wed,8.95,0,0,50.1,54
2015,2,19,Thurs,5.82,0,0,50.2,51
2015,2,20,Fri,4.92,0.18,0,50.4,52
2015,2,21,Sat,2.01,0.03,0,50.5,54
2015,2,22,Sun,10.07,0,0,50.6,53
2015,2,23,Mon,9.4,0,0,50.7,55
2015,2,24,Tues,3.13,0,0,50.8,52
2015,2,25,Wed,3.36,0,0,50.9,50
2015,2,26,Thurs,2.24,0.16,0,51.1,53
2015,2,27,Fri,3.13,0.37,0,51.2,50
2015,2,28,Sat,8.95,0.72,0,51.3,54
2015,3,1,Sun,11.41,0,0,51.5,52
2015,3,2,Mon,4.92,0,0,51.6,52
2015,3,3,Tues,10.74,0,0,51.8,51
2015,3,4,Wed,4.7,0,0,51.9,55
2015,3,5,Thurs,4.03,0,0,52.1,56
2015,3,6,Fri,2.91,0,0,52.2,59
2015,3,7,Sat,3.13,0,0,52.4,62
2015,3,8,Sun,6.04,0,0,52.5,63
2015,3,9,Mon,3.8,0,0,52.7,58
2015,3,10,Tues,4.03,0,0,52.8,56
2015,3,11,Wed,5.82,0.03,0,53,58
2015,3,12,Thurs,6.93,0.1,0,53.1,64
2015,3,13,Fri,7.16,0,0,53.3,63
2015,3,14,Sat,4.92,0.08,0,53.4,57
2015,3,15,Sun,8.5,0.67,0,53.6,51
2015,3,16,Mon,9.4,2.2,0,53.7,57
2015,3,17,Tues,6.71,0.04,0,53.9,56
2015,3,18,Wed,5.82,0.03,0,54,60
2015,3,19,Thurs,5.59,0,0,54.2,60
2015,3,20,Fri,4.25,0,0,54.3,57
2015,3,21,Sat,4.25,0.16,0,54.5,56
2015,3,22,Sun,10.51,0.15,0,54.6,53
2015,3,23,Mon,5.14,0.04,0,54.7,52
2015,3,24,Tues,6.26,0.32,0,54.9,55
2015,3,25,Wed,8.72,0.3,0,55,58
2015,3,26,Thurs,9.84,0.2,0,55.2,69
2015,3,27,Fri,4.92,0,0,55.3,65
2015,3,28,Sat,8.95,0.04,0,55.5,60
2015,3,29,Sun,12.75,0,0,55.6,60
2015,3,30,Mon,6.71,0,0,55.7,64
2015,3,31,Tues,6.49,0.07,0,55.9,55
2015,4,1,Wed,9.4,0.04,0,56,55
2015,4,2,Thurs,7.16,0.2,0,56.2,56
2015,4,3,Fri,5.37,0,0,56.3,52
2015,4,4,Sat,8.05,0.06,0,56.5,55
2015,4,5,Sun,3.8,0,0,56.6,62
2015,4,6,Mon,5.37,0,0,56.8,57
2015,4,7,Tues,7.83,0.04,0,56.9,58
2015,4,8,Wed,8.72,0.02,0,57.1,63
2015,4,9,Thurs,3.8,0,0,57.2,63
2015,4,10,Fri,5.14,0,0,57.4,57
2015,4,11,Sat,10.29,0.43,0,57.6,53
2015,4,12,Sun,14.54,0,0,57.7,56
2015,4,13,Mon,8.05,0,0,57.9,53
2015,4,14,Tues,8.05,0.55,0,58.1,53
2015,4,15,Wed,7.38,0.13,0,58.3,57
2015,4,16,Thurs,5.37,0,0,58.5,64
2015,4,17,Fri,6.93,0,0,58.6,66
2015,4,18,Sat,8.05,0,0,58.8,66
2015,4,19,Sun,8.72,0,0,59,70
2015,4,20,Mon,8.05,0,0,59.2,73
2015,4,21,Tues,5.82,0,0,59.4,63
2015,4,22,Wed,7.61,0.22,0,59.7,60
2015,4,23,Thurs,5.14,0,0,59.9,54
2015,4,24,Fri,9.17,0.12,0,60.1,54
2015,4,25,Sat,11.18,0.13,0,60.3,56
2015,4,26,Sun,6.71,0.05,0,60.5,60
2015,4,27,Mon,6.04,0,0,60.7,77
2015,4,28,Tues,5.14,0.01,0,61,60
2015,4,29,Wed,9.62,0.07,0,61.2,61
2015,4,30,Thurs,10.51,0,0,61.4,63
2015,5,1,Fri,4.7,0,0,61.6,65
2015,5,2,Sat,8.28,0,0,61.9,65
2015,5,3,Sun,8.28,0,0,62.1,69
2015,5,4,Mon,5.82,0,0,62.3,63
2015,5,5,Tues,11.63,0,0,62.5,58
2015,5,6,Wed,11.41,0.24,0,62.8,62
2015,5,7,Thurs,5.82,0,0,63,69
2015,5,8,Fri,6.71,0,0,63.2,75
2015,5,9,Sat,6.71,0,0,63.4,80
2015,5,10,Sun,5.82,0,0,63.6,67
2015,5,11,Mon,6.26,0,0,63.8,57
2015,5,12,Tues,5.59,0,0,64.1,60
2015,5,13,Wed,7.38,0.17,0,64.3,54
2015,5,14,Thurs,6.26,0.16,0,64.5,64
2015,5,15,Fri,4.47,0.01,0,64.7,68
2015,5,16,Sat,6.26,0,0,64.8,60
2015,5,17,Sun,6.71,0,0,65,67
2015,5,18,Mon,4.7,0,0,65.2,78
2015,5,19,Tues,6.71,0,0,65.4,71
2015,5,20,Wed,5.82,0,0,65.6,74
2015,5,21,Thurs,4.03,0,0,65.7,78
2015,5,22,Fri,4.7,0,0,65.9,62
2015,5,23,Sat,8.28,0,0,66.1,61
2015,5,24,Sun,5.82,0,0,66.2,64
2015,5,25,Mon,6.04,0,0,66.4,60
2015,5,26,Tues,6.04,0,0,66.5,71
2015,5,27,Wed,4.7,0,0,66.7,76
2015,5,28,Thurs,4.03,0,0,66.8,82
2015,5,29,Fri,4.7,0,0,67,79
2015,5,30,Sat,5.59,0,0,67.1,73
2015,5,31,Sun,5.59,0,0,67.3,77
2015,6,1,Mon,4.92,0,0,67.4,61
2015,6,2,Tues,7.61,0.18,0,67.6,64
2015,6,3,Wed,11.18,0.02,0,67.7,68
2015,6,4,Thurs,6.71,0,0,67.9,73
2015,6,5,Fri,8.72,0,0,68,80
2015,6,6,Sat,9.62,0,0,68.2,85
2015,6,7,Sun,5.82,0,0,68.3,88
2015,6,8,Mon,7.16,0,0,68.5,87
2015,6,9,Tues,7.83,0,0,68.6,84
2015,6,10,Wed,6.04,0,0,68.8,78
2015,6,11,Thurs,6.71,0,0,69,76
2015,6,12,Fri,7.83,0,0,69.1,68
2015,6,13,Sat,5.14,0,0,69.3,75
2015,6,14,Sun,5.82,0,0,69.5,82
2015,6,15,Mon,8.28,0,0,69.7,86
2015,6,16,Tues,7.83,0,0,69.8,73
2015,6,17,Wed,6.71,0,0,70,77
2015,6,18,Thurs,6.93,0,0,70.2,76
2015,6,19,Fri,6.71,0,0,70.4,75
2015,6,20,Sat,7.16,0.02,0,70.6,77
2015,6,21,Sun,9.62,0,0,70.8,78
2015,6,22,Mon,7.61,0,0,71,77
2015,6,23,Tues,5.37,0,0,71.3,79
2015,6,24,Wed,5.37,0,0,71.5,78
2015,6,25,Thurs,5.82,0,0,71.7,87
2015,6,26,Fri,6.71,0,0,71.9,89
2015,6,27,Sat,10.51,0,0,72.2,92
2015,6,28,Sun,8.72,0,0,72.4,83
2015,6,29,Mon,4.7,0.01,0,72.6,84
2015,6,30,Tues,6.04,0,0,72.8,87
2015,7,1,Wed,7.61,0,0,73.1,90
2015,7,2,Thurs,9.62,0,0,73.3,93
2015,7,3,Fri,7.61,0,0,73.5,92
2015,7,4,Sat,5.82,0,0,73.8,92
2015,7,5,Sun,6.49,0,0,74,91
2015,7,6,Mon,4.7,0,0,74.2,85
2015,7,7,Tues,7.16,0,0,74.4,81
2015,7,8,Wed,5.37,0,0,74.6,86
2015,7,9,Thurs,4.25,0,0,74.9,84
2015,7,10,Fri,7.61,0,0,75.1,70
2015,7,11,Sat,8.28,0,0,75.3,72
2015,7,12,Sun,6.71,0,0,75.4,79
2015,7,13,Mon,4.92,0,0,75.6,78
2015,7,14,Tues,6.93,0,0,75.8,82
2015,7,15,Wed,7.38,0,0,76,79
2015,7,16,Thurs,7.16,0,0,76.1,79
2015,7,17,Fri,6.26,0,0,76.3,82
2015,7,18,Sat,7.38,0,0,76.4,92
2015,7,19,Sun,7.61,0,0,76.6,95
2015,7,20,Mon,7.38,0,0,76.7,80
2015,7,21,Tues,8.72,0,0,76.8,75
2015,7,22,Wed,5.37,0,0,76.9,75
2015,7,23,Thurs,6.26,0,0,77,79
2015,7,24,Fri,4.25,0,0,77.1,73
2015,7,25,Sat,8.5,0.01,0,77.1,70
2015,7,26,Sun,5.37,0,0,77.2,72
2015,7,27,Mon,5.82,0.08,0,77.3,74
2015,7,28,Tues,4.25,0,0,77.3,82
2015,7,29,Wed,7.61,0,0,77.3,90
2015,7,30,Thurs,8.5,0,0,77.3,94
2015,7,31,Fri,7.83,0,0,77.4,94
2015,8,1,Sat,5.82,0,0,77.4,92
2015,8,2,Sun,6.93,0,0,77.4,87
2015,8,3,Mon,4.47,0,0,77.3,83
2015,8,4,Tues,5.14,0,0,77.3,79
2015,8,5,Wed,5.82,0,0,77.3,74
2015,8,6,Thurs,7.83,0,0,77.2,77
2015,8,7,Fri,6.49,0,0,77.2,83
2015,8,8,Sat,8.28,0,0,77.1,77
2015,8,9,Sun,8.05,0,0,77.1,83
2015,8,10,Mon,4.92,0,0,77,84
2015,8,11,Tues,5.37,0,0,76.9,86
2015,8,12,Wed,9.84,0,0,76.9,83
2015,8,13,Thurs,6.04,0.3,0,76.8,83
2015,8,14,Fri,4.92,0,0,76.7,65
2015,8,15,Sat,11.63,1.2,0,76.6,71
2015,8,16,Sun,8.28,0,0,76.5,77
2015,8,17,Mon,8.28,0,0,76.4,81
2015,8,18,Tues,6.71,0,0,76.3,86
2015,8,19,Wed,6.71,0,0,76.2,89
2015,8,20,Thurs,4.7,0,0,76.1,73
2015,8,21,Fri,9.4,0.08,0,75.9,72
2015,8,22,Sat,5.82,0,0,75.8,80
2015,8,23,Sun,5.59,0,0,75.7,82
2015,8,24,Mon,4.03,0,0,75.5,75
2015,8,25,Tues,5.14,0,0,75.4,78
2015,8,26,Wed,7.61,0,0,75.3,83
2015,8,27,Thurs,3.8,0,0,75.1,85
2015,8,28,Fri,4.7,0,0,75,74
2015,8,29,Sat,5.82,0.02,0,74.8,72
2015,8,30,Sun,12.97,1.28,0,74.6,68
2015,8,31,Mon,10.51,0.4,0,74.4,66
2015,9,1,Tues,12.97,0,0,74.3,67
2015,9,2,Wed,11.18,0.23,0,74.1,67
2015,9,3,Thurs,8.5,0,0,73.9,65
2015,9,4,Fri,6.49,0,0,73.7,65
2015,9,5,Sat,6.49,0,0,73.5,69
2015,9,6,Sun,7.83,0.01,0,73.3,61
2015,9,7,Mon,5.37,0.21,0,73,70
2015,9,8,Tues,3.36,0.01,0,72.8,73
2015,9,9,Wed,5.37,0,0,72.6,76
2015,9,10,Thurs,7.38,0,0,72.3,77
2015,9,11,Fri,8.05,0,0,72.1,81
2015,9,12,Sat,6.93,0,0,71.8,80
2015,9,13,Sun,4.7,0,0,71.5,69
2015,9,14,Mon,6.71,0.02,0,71.2,62
2015,9,15,Tues,7.61,0,0,71,64
2015,9,16,Wed,6.26,0,0,70.7,68
2015,9,17,Thurs,4.25,0.04,0,70.3,65
2015,9,18,Fri,8.5,0.07,0,70,67
2015,9,19,Sat,5.82,0,0,69.7,70
2015,9,20,Sun,9.62,0,0,69.4,73
2015,9,21,Mon,15.21,0.16,0,69,65
2015,9,22,Tues,6.04,0,0,68.7,66
2015,9,23,Wed,4.47,0,0,68.3,69
2015,9,24,Thurs,4.03,0,0,68,72
2015,9,25,Fri,5.59,0,0,67.6,60
2015,9,26,Sat,5.82,0.08,0,67.2,65
2015,9,27,Sun,6.04,0,0,66.8,64
2015,9,28,Mon,8.5,0,0,66.5,70
2015,9,29,Tues,11.41,0,0,66.1,71
2015,9,30,Wed,4.25,0,0,65.7,65
2015,10,1,Thurs,2.91,0,0,65.3,70
2015,10,2,Fri,2.91,0,0,64.9,60
2015,10,3,Sat,6.49,0,0,64.5,67
2015,10,4,Sun,10.74,0,0,64.1,73
2015,10,5,Mon,8.28,0,0,63.7,74
2015,10,6,Tues,3.58,0,0,63.3,65
2015,10,7,Wed,5.82,0,0,62.9,61
2015,10,8,Thurs,4.92,0.39,0,62.5,66
2015,10,9,Fri,2.46,0,0,62.1,67
2015,10,10,Sat,5.82,0.01,0,61.8,70
2015,10,11,Sun,10.51,1.13,0,61.4,64
2015,10,12,Mon,5.82,0,0,61,65
2015,10,13,Tues,6.26,0.18,0,60.6,62
2015,10,14,Wed,7.16,0.05,0,60.2,59
2015,10,15,Thurs,11.18,0,0,59.9,70
2015,10,16,Fri,7.61,0,0,59.5,68
2015,10,17,Sat,2.91,0,0,59.1,67
2015,10,18,Sun,2.91,0.01,0,58.8,59
2015,10,19,Mon,4.47,0.15,0,58.4,63
2015,10,20,Tues,5.82,0.01,0,58.1,64
2015,10,21,Wed,4.03,0,0,57.8,61
2015,10,22,Thurs,2.91,0,0,57.4,61
2015,10,23,Fri,6.04,0,0,57.1,55
2015,10,24,Sat,5.82,0,0,56.8,59
2015,10,25,Sun,6.49,0,0,56.5,67
2015,10,26,Mon,7.61,0.35,0,56.2,54
2015,10,27,Tues,10.29,0.27,0,55.9,61
2015,10,28,Wed,3.8,0,0,55.6,57
2015,10,29,Thurs,6.26,0.13,0,55.3,59
2015,10,30,Fri,10.51,0.07,0,55,63
2015,10,31,Sat,14.99,0.76,0,54.8,60
2015,11,1,Sun,16.11,1.3,0,54.5,54
2015,11,2,Mon,13.42,1.03,0,54.2,52
2015,11,3,Tues,6.26,0.01,0,53.9,51
2015,11,4,Wed,3.13,0.03,0,53.7,50
2015,11,5,Thurs,4.92,0,0,53.4,53
2015,11,6,Fri,5.14,0.05,0,53.2,60
2015,11,7,Sat,6.04,0,0,52.9,54
2015,11,8,Sun,6.71,0.5,0,52.7,52
2015,11,9,Mon,4.03,0.26,0,52.4,50
2015,11,10,Tues,2.91,0.13,0,52.2,52
2015,11,11,Wed,8.72,0.05,0,51.9,52
2015,11,12,Thurs,10.29,0.06,0,51.7,52
2015,11,13,Fri,11.41,0.39,0,51.4,56
2015,11,14,Sat,14.54,1.32,0,51.2,49
2015,11,15,Sun,10.07,1.86,0,51,48
2015,11,16,Mon,9.17,0.88,0,50.7,48
2015,11,17,Tues,8.95,0.08,0,50.5,56
2015,11,18,Wed,17.9,1.16,0,50.3,48
2015,11,19,Thurs,8.5,0.06,0,50,48
2015,11,20,Fri,9.4,0.08,0,49.8,47
2015,11,21,Sat,8.95,0,0,49.5,48
2015,11,22,Sun,10.51,0,0,49.3,50
2015,11,23,Mon,6.93,0,0,49.1,44
2015,11,24,Tues,2.91,0.12,0,48.9,44
2015,11,25,Wed,10.07,0.28,0,48.6,45
2015,11,26,Thurs,12.75,0,0,48.4,49
2015,11,27,Fri,9.62,0,0,48.2,49
2015,11,28,Sat,6.71,0,0,48,45
2015,11,29,Sun,2.24,0,0,47.8,35
2015,11,30,Mon,2.01,0,0,47.6,42
2015,12,1,Tues,3.8,0.02,0,47.4,50
2015,12,2,Wed,7.83,0.48,0,47.2,51
2015,12,3,Thurs,11.18,0.1,0,47,60
2015,12,4,Fri,13.2,0.5,0,46.8,51
2015,12,5,Sat,10.51,0.08,0,46.6,50
2015,12,6,Sun,8.95,0.62,0,46.4,55
2015,12,7,Mon,13.2,0.44,0,46.3,52
2015,12,8,Tues,7.61,1.08,0,46.1,60
2015,12,9,Wed,13.87,2.13,0,46,54
2015,12,10,Thurs,14.09,0.53,0,45.9,53
2015,12,11,Fri,16.78,0.37,0,45.7,49
2015,12,12,Sat,6.26,0.01,0,45.6,48
2015,12,13,Sun,12.53,0.63,0,45.5,46
2015,12,14,Mon,13.65,0.05,0,45.4,46
2015,12,15,Tues,3.8,0,0,45.3,44
2015,12,16,Wed,6.49,0.06,0,45.3,43
2015,12,17,Thurs,5.14,0.14,0,45.2,44
2015,12,18,Fri,13.42,0.86,0,45.2,48
2015,12,19,Sat,11.41,0.73,0,45.1,47
2015,12,20,Sun,9.17,0,0,45.1,46
2015,12,21,Mon,14.99,0.17,0,45.1,42
2015,12,22,Tues,9.62,1.08,0,45.1,46
2015,12,23,Wed,11.18,0.18,0,45.1,41
2015,12,24,Thurs,17,0.24,0,45.1,42
2015,12,25,Fri,9.62,0.1,0,45.1,41
2015,12,26,Sat,3.36,0.23,0,45.2,40
2015,12,27,Sun,5.59,0,0,45.2,40
2015,12,28,Mon,6.49,0.34,0,45.3,41
2015,12,29,Tues,2.91,0.06,0,45.3,45
2015,12,30,Wed,5.82,0,0,45.4,42
2015,12,31,Thurs,7.61,0,0,45.5,42
2016,1,1,Fri,7.83,0,0,45.6,46
2016,1,2,Sat,4.92,0,0,45.7,42
2016,1,3,Sun,5.59,0,0,45.8,40
2016,1,4,Mon,9.17,0.02,0,45.9,38
2016,1,5,Tues,7.61,0.15,0,46,46
2016,1,6,Wed,5.37,0.11,0,46.1,53
2016,1,7,Thurs,6.49,0,0,46.2,44
2016,1,8,Fri,2.91,0,0,46.3,48
2016,1,9,Sat,1.57,0,0,46.4,49
2016,1,10,Sun,2.91,0,0,46.5,52
2016,1,11,Mon,8.05,0,0,46.7,47
2016,1,12,Tues,6.93,0.16,0,46.8,48
2016,1,13,Wed,11.63,0.51,0,46.9,54
2016,1,14,Thurs,7.83,0.75,0,47,48
2016,1,15,Fri,6.93,0,0,47.1,47
2016,1,16,Sat,6.04,0.05,0,47.3,52
2016,1,17,Sun,9.17,0.4,0,47.4,49
2016,1,18,Mon,7.61,0.33,0,47.5,52
2016,1,19,Tues,7.61,0.06,0,47.6,47
2016,1,20,Wed,4.47,0.49,0,47.7,50
2016,1,21,Thurs,6.26,0.27,0,47.8,53
2016,1,22,Fri,7.61,1.15,0,47.9,55
2016,1,23,Sat,9.4,0.26,0,48,46
2016,1,24,Sun,4.7,0.77,0,48.1,50
2016,1,25,Mon,5.14,0,0,48.2,55
2016,1,26,Tues,4.7,0,0,48.3,56
2016,1,27,Wed,6.04,0.3,0,48.4,58
2016,1,28,Thurs,5.37,0.82,0,48.4,56
2016,1,29,Fri,10.74,0.61,0,48.5,49
2016,1,30,Sat,10.51,0.19,0,48.6,46
2016,1,31,Sun,11.41,0.05,0,48.7,45
2016,2,1,Mon,9.62,0,0,48.8,45
2016,2,2,Tues,4.47,0.01,0,48.8,50
2016,2,3,Wed,3.58,0.01,0,48.9,47
2016,2,4,Thurs,9.84,0.53,0,49,49
2016,2,5,Fri,9.84,0.33,0,49.1,52
2016,2,6,Sat,8.72,0.14,0,49.1,48
2016,2,7,Sun,8.28,0,0,49.2,52
2016,2,8,Mon,5.37,0,0,49.3,59
2016,2,9,Tues,8.5,0,0,49.4,63
2016,2,10,Wed,5.59,0,0,49.4,56
2016,2,11,Thurs,5.82,0.13,0,49.5,55
2016,2,12,Fri,5.37,0.48,0,49.6,57
2016,2,13,Sat,9.17,0.8,0,49.7,50
2016,2,14,Sun,11.63,0.49,0,49.8,53
2016,2,15,Mon,13.65,0.15,0,49.9,54
2016,2,16,Tues,14.32,0.46,0,49.9,54
2016,2,17,Wed,7.61,0,0,50,63
2016,2,18,Thurs,6.04,0.47,0,50.1,51
2016,2,19,Fri,10.51,0.12,0,50.2,50
2016,2,20,Sat,11.63,0.4,0,50.4,51
2016,2,21,Sun,8.05,0,0,50.5,50
2016,2,22,Mon,7.61,0.05,0,50.6,51
2016,2,23,Tues,6.71,0.17,0,50.7,58
2016,2,24,Wed,9.62,0,0,50.8,57
2016,2,25,Thurs,2.91,0.02,0,50.9,62
2016,2,26,Fri,2.91,0,0,51.1,57
2016,2,27,Sat,3.58,0.17,0,51.2,56
2016,2,28,Sun,5.59,0.13,0,51.3,50
2016,3,1,Tues,5.14,0.09,0,51.5,57
2016,3,2,Wed,13.42,0.81,0,51.6,54
2016,3,3,Thurs,10.07,0.28,0,51.8,58
2016,3,4,Fri,10.29,0.03,0,51.9,55
2016,3,5,Sat,5.37,0.16,0,52.1,64
2016,3,6,Sun,9.84,0.19,0,52.2,59
2016,3,7,Mon,10.29,0.16,0,52.4,51
2016,3,8,Tues,12.53,0.2,0,52.5,53
2016,3,9,Wed,6.71,0.14,0,52.7,55
2016,3,10,Thurs,12.08,0.93,0,52.8,55
2016,3,11,Fri,15.43,0.23,0,53,60
2016,3,12,Sat,6.04,0.32,0,53.1,50
2016,3,13,Sun,12.08,0.15,0,53.3,54
2016,3,14,Mon,14.99,0.62,0,53.4,47
2016,3,15,Tues,15.43,0.25,0,53.6,50
2016,3,16,Wed,10.51,0,0,53.7,53
2016,3,17,Thurs,6.04,0,0,53.9,57
2016,3,18,Fri,11.63,0,0,54,63
2016,3,19,Sat,14.54,0,0,54.2,61
2016,3,20,Sun,4.47,0,0,54.3,54
2016,3,21,Mon,4.7,0.17,0,54.5,55
2016,3,22,Tues,7.38,0.34,0,54.6,55
2016,3,23,Wed,12.08,0,0,54.7,51
2016,3,24,Thurs,12.3,0.23,0,54.9,52
2016,3,25,Fri,14.99,0,0,55,56
2016,3,26,Sat,6.26,0,0,55.2,58
2016,3,27,Sun,4.7,0.13,0,55.3,55
2016,3,28,Mon,14.54,0.18,0,55.5,55
2016,3,29,Tues,5.59,0,0,55.6,63
2016,3,30,Wed,9.62,0,0,55.7,68
2016,3,31,Thurs,4.47,0,0,55.9,71
2016,4,1,Fri,3.13,0,0,56,71
2016,4,2,Sat,4.25,0,0,56.2,62
2016,4,3,Sun,5.82,0,0,56.3,68
2016,4,4,Mon,5.82,0.16,0,56.5,58
2016,4,5,Tues,15.66,0.03,0,56.6,56
2016,4,6,Wed,8.5,0,0,56.8,69
2016,4,7,Thurs,8.72,0,0,56.9,78
2016,4,8,Fri,9.4,0,0,57.1,76
2016,4,9,Sat,7.61,0,0,57.2,64
2016,4,10,Sun,4.92,0,0,57.4,58
2016,4,11,Mon,7.61,0,0,57.6,58
2016,4,12,Tues,7.38,0,0,57.7,57
2016,4,13,Wed,9.84,0.32,0,57.9,58
2016,4,14,Thurs,6.04,0.1,0,58.1,59
2016,4,15,Fri,6.93,0.15,0,58.3,59
2016,4,16,Sat,7.16,0,0,58.5,67
2016,4,17,Sun,5.37,0,0,58.6,80
2016,4,18,Mon,8.72,0,0,58.8,89
2016,4,19,Tues,5.14,0,0,59,84
2016,4,20,Wed,4.92,0,0,59.2,81
2016,4,21,Thurs,5.37,0,0,59.4,72
2016,4,22,Fri,7.83,0,0,59.7,62
2016,4,23,Sat,9.62,0,0,59.9,64
2016,4,24,Sun,11.41,0.01,0,60.1,55
2016,4,25,Mon,9.17,0.3,0,60.3,59
2016,4,26,Tues,5.37,0.11,0,60.5,59
2016,4,27,Wed,4.92,0,0,60.7,63
2016,4,28,Thurs,4.7,0,0,61,63
2016,4,29,Fri,5.82,0,0,61.2,61
2016,4,30,Sat,4.47,0.01,0,61.4,67
2016,5,1,Sun,6.71,0,0,61.6,79
2016,5,2,Mon,9.84,0,0,61.9,87
2016,5,3,Tues,4.92,0,0,62.1,72
2016,5,4,Wed,6.49,0,0,62.3,60
2016,5,5,Thurs,8.95,0,0,62.5,68
2016,5,6,Fri,8.95,0,0,62.8,77
2016,5,7,Sat,10.51,0,0,63,82
2016,5,8,Sun,6.71,0,0,63.2,66
2016,5,9,Mon,9.84,0.03,0,63.4,67
2016,5,10,Tues,5.82,0,0,63.6,75
2016,5,11,Wed,6.71,0,0,63.8,80
2016,5,12,Thurs,5.59,0,0,64.1,76
2016,5,13,Fri,4.92,0,0,64.3,84
2016,5,14,Sat,9.17,0,0,64.5,58
2016,5,15,Sun,6.93,0.02,0,64.7,56
2016,5,16,Mon,6.04,0.02,0,64.8,59
2016,5,17,Tues,5.14,0.06,0,65,69
2016,5,18,Wed,7.83,0,0,65.2,65
2016,5,19,Thurs,6.71,0,0,65.4,63
2016,5,20,Fri,9.4,0.5,0,65.6,66
2016,5,21,Sat,7.38,0,0,65.7,58
2016,5,22,Sun,9.62,0.21,0,65.9,66
2016,5,23,Mon,12.3,0,0,66.1,66
2016,5,24,Tues,6.71,0,0,66.2,66
2016,5,25,Wed,4.47,0,0,66.4,65
2016,5,26,Thurs,8.95,0,0,66.5,62
2016,5,27,Fri,10.51,0,0,66.7,64
2016,5,28,Sat,9.62,0,0,66.8,62
2016,5,29,Sun,10.07,0.1,0,67,64
2016,5,30,Mon,10.74,0,0,67.1,72
2016,5,31,Tues,9.62,0,0,67.3,80
2016,6,1,Wed,6.49,0,0,67.4,74
2016,6,2,Thurs,7.83,0.04,0,67.6,70
2016,6,3,Fri,10.74,0.01,0,67.7,82
2016,6,4,Sat,8.05,0,0,67.9,85
2016,6,5,Sun,12.3,0,0,68,93
2016,6,6,Mon,7.61,0,0,68.2,88
2016,6,7,Tues,7.61,0,0,68.3,84
2016,6,8,Wed,6.93,0,0,68.5,67
2016,6,9,Thurs,10.74,0.01,0,68.6,64
2016,6,10,Fri,7.16,0.13,0,68.8,65
2016,6,11,Sat,9.84,0.18,0,69,67
2016,6,12,Sun,7.16,0,0,69.1,70
2016,6,13,Mon,7.16,0,0,69.3,65
2016,6,14,Tues,12.3,0,0,69.5,60
2016,6,15,Wed,13.65,0.02,0,69.7,66
2016,6,16,Thurs,7.16,0,0,69.8,70
2016,6,17,Fri,7.61,0,0,70,69
2016,6,18,Sat,7.61,0.14,0,70.2,66
2016,6,19,Sun,9.4,0,0,70.4,72
2016,6,20,Mon,10.74,0,0,70.6,75
2016,6,21,Tues,8.5,0.55,0,70.8,71
2016,6,22,Wed,9.62,0,0,71,75
2016,6,23,Thurs,4.92,0,0,71.3,68
2016,6,24,Fri,8.72,0.35,0,71.5,69
2016,6,25,Sat,9.62,0.34,0,71.7,72
2016,6,26,Sun,8.28,0,0,71.9,80
2016,6,27,Mon,10.96,0,0,72.2,85
2016,6,28,Tues,5.82,0,0,72.4,76
2016,6,29,Wed,6.71,0,0,72.6,72
2016,6,30,Thurs,6.04,0,0,72.8,73
2016,7,1,Fri,4.7,0,0,73.1,75
2016,7,2,Sat,6.04,0,0,73.3,75
2016,7,3,Sun,7.16,0,0,73.5,71
2016,7,4,Mon,5.82,0,0,73.8,69
2016,7,5,Tues,7.61,0,0,74,67
2016,7,6,Wed,4.7,0,0,74.2,76
2016,7,7,Thurs,5.82,0.01,0,74.4,68
2016,7,8,Fri,6.71,0.12,0,74.6,72
2016,7,9,Sat,8.05,0.24,0,74.9,71
2016,7,10,Sun,6.93,0.01,0,75.1,73
2016,7,11,Mon,5.59,0,0,75.3,73
2016,7,12,Tues,8.05,0,0,75.4,76
2016,7,13,Wed,7.61,0,0,75.6,74
2016,7,14,Thurs,6.93,0,0,75.8,76
2016,7,15,Fri,8.05,0,0,76,76
2016,7,16,Sat,7.38,0,0,76.1,73
2016,7,17,Sun,6.49,0,0,76.3,79
2016,7,18,Mon,4.7,0,0,76.4,71
2016,7,19,Tues,6.71,0.01,0,76.6,77
2016,7,20,Wed,6.26,0,0,76.7,80
2016,7,21,Thurs,5.82,0,0,76.8,84
2016,7,22,Fri,9.4,0,0,76.9,73
2016,7,23,Sat,8.28,0.33,0,77,73
2016,7,24,Sun,5.14,0,0,77.1,81
2016,7,25,Mon,9.62,0,0,77.1,86
2016,7,26,Tues,6.26,0,0,77.2,78
2016,7,27,Wed,4.92,0,0,77.3,84
2016,7,28,Thurs,7.16,0,0,77.3,88
2016,7,29,Fri,8.28,0,0,77.3,89
2016,7,30,Sat,8.05,0,0,77.3,75
2016,7,31,Sun,9.17,0,0,77.4,72
2016,8,1,Mon,7.61,0,0,77.4,77
2016,8,2,Tues,5.82,0,0,77.4,71
2016,8,3,Wed,8.05,0.13,0,77.3,76
2016,8,4,Thurs,6.93,0,0,77.3,82
2016,8,5,Fri,10.07,0,0,77.3,79
2016,8,6,Sat,6.49,0,0,77.2,71
2016,8,7,Sun,5.82,0,0,77.2,69
2016,8,8,Mon,7.16,0.03,0,77.1,73
2016,8,9,Tues,6.49,0,0,77.1,71
2016,8,10,Wed,6.26,0,0,77,76
2016,8,11,Thurs,6.04,0,0,76.9,81
2016,8,12,Fri,8.5,0,0,76.9,90
2016,8,13,Sat,7.38,0,0,76.8,91
2016,8,14,Sun,5.82,0,0,76.7,85
2016,8,15,Mon,6.71,0,0,76.6,83
2016,8,16,Tues,5.37,0,0,76.5,83
2016,8,17,Wed,6.04,0,0,76.4,80
2016,8,18,Thurs,7.38,0,0,76.3,87
2016,8,19,Fri,9.62,0,0,76.2,95
2016,8,20,Sat,11.63,0,0,76.1,91
2016,8,21,Sun,4.25,0,0,75.9,73
2016,8,22,Mon,10.74,0,0,75.8,72
2016,8,23,Tues,6.26,0,0,75.7,80
2016,8,24,Wed,7.16,0,0,75.5,85
2016,8,25,Thurs,7.61,0,0,75.4,91
2016,8,26,Fri,7.16,0,0,75.3,92
2016,8,27,Sat,4.25,0,0,75.1,73
2016,8,28,Sun,11.41,0,0,75,70
2016,8,29,Mon,5.14,0,0,74.8,79
2016,8,30,Tues,3.8,0,0,74.6,71
2016,8,31,Wed,8.05,0,0,74.4,69
2016,9,1,Thurs,8.05,0.01,0,74.3,66
2016,9,2,Fri,8.05,0.17,0,74.1,69
2016,9,3,Sat,11.18,0.05,0,73.9,69
2016,9,4,Sun,7.38,0,0,73.7,70
2016,9,5,Mon,4.7,0,0,73.5,64
2016,9,6,Tues,7.38,0.01,0,73.3,65
2016,9,7,Wed,3.8,0.42,0,73,66
2016,9,8,Thurs,8.28,0.04,0,72.8,70
2016,9,9,Fri,7.38,0.03,0,72.6,73
2016,9,10,Sat,5.59,0,0,72.3,77
2016,9,11,Sun,4.25,0,0,72.1,70
2016,9,12,Mon,6.71,0,0,71.8,75
2016,9,13,Tues,11.63,0,0,71.5,77
2016,9,14,Wed,7.16,0,0,71.2,78
2016,9,15,Thurs,5.82,0,0,71,72
2016,9,16,Fri,4.25,0,0,70.7,74
2016,9,17,Sat,4.7,0,0,70.3,67
2016,9,18,Sun,11.86,0.22,0,70,68
2016,9,19,Mon,7.83,0,0,69.7,68
2016,9,20,Tues,11.41,0.08,0,69.4,67
2016,9,21,Wed,6.71,0,0,69,68
2016,9,22,Thurs,8.5,0,0,68.7,65
2016,9,23,Fri,7.83,0,0,68.3,63
2016,9,24,Sat,10.51,0.01,0,68,66
2016,9,25,Sun,4.47,0,0,67.6,76
2016,9,26,Mon,5.82,0,0,67.2,77
2016,9,27,Tues,5.82,0,0,66.8,69
2016,9,28,Wed,10.51,0.02,0,66.5,67
2016,9,29,Thurs,7.83,0,0,66.1,66
2016,9,30,Fri,5.14,0,0,65.7,65
2016,10,1,Sat,5.37,0,0,65.3,63
2016,10,2,Sun,7.38,0.05,0,64.9,63
2016,10,3,Mon,4.03,0,0,64.5,60
2016,10,4,Tues,6.93,0,0,64.1,60
2016,10,5,Wed,9.62,0.13,0,63.7,65
2016,10,6,Thurs,5.59,0.04,0,63.3,62
2016,10,7,Fri,9.62,0.31,0,62.9,63
2016,10,8,Sat,11.41,0.11,0,62.5,65
2016,10,9,Sun,11.63,0.61,0,62.1,56
2016,10,10,Mon,6.04,0.06,0,61.8,60
2016,10,11,Tues,5.59,0,0,61.4,62
2016,10,12,Wed,8.05,0,0,61,66
2016,10,13,Thurs,3.8,0.01,0,60.6,59
2016,10,14,Fri,10.74,1.75,0,60.2,57
2016,10,15,Sat,15.88,1.36,0,59.9,62
2016,10,16,Sun,14.32,0.73,0,59.5,60
2016,10,17,Mon,8.28,0.56,0,59.1,59
2016,10,18,Tues,9.84,0.17,0,58.8,58
2016,10,19,Wed,10.74,0.08,0,58.4,58
2016,10,20,Thurs,4.92,0.22,0,58.1,60
2016,10,21,Fri,8.5,1.19,0,57.8,57
2016,10,22,Sat,7.38,0.02,0,57.4,62
2016,10,23,Sun,3.36,0.05,0,57.1,62
2016,10,24,Mon,6.26,0.12,0,56.8,63
2016,10,25,Tues,7.61,0.1,0,56.5,63
2016,10,26,Wed,11.18,0,0,56.2,58
2016,10,27,Thurs,8.05,1.23,0,55.9,58
2016,10,28,Fri,7.16,0.04,0,55.6,67
2016,10,29,Sat,7.61,0,0,55.3,60
2016,10,30,Sun,4.92,0.19,0,55,52
2016,10,31,Mon,6.93,0.26,0,54.8,57
2016,11,1,Tues,10.07,0.66,0,54.5,56
2016,11,2,Wed,9.17,0.22,0,54.2,56
2016,11,3,Thurs,7.38,0.46,0,53.9,65
2016,11,4,Fri,4.47,0,0,53.7,63
2016,11,5,Sat,4.03,0,0,53.4,60
2016,11,6,Sun,6.93,1.31,0,53.2,60
2016,11,7,Mon,7.16,0.12,0,52.9,66
2016,11,8,Tues,4.92,0.04,0,52.7,70
2016,11,9,Wed,5.59,0,0,52.4,64
2016,11,10,Thurs,6.71,0.24,0,52.2,62
2016,11,11,Fri,3.8,0,0,51.9,61
2016,11,12,Sat,2.46,0,0,51.7,58
2016,11,13,Sun,12.97,0.1,0,51.4,54
2016,11,14,Mon,8.05,0.24,0,51.2,57
2016,11,15,Tues,5.82,0.31,0,51,54
2016,11,16,Wed,10.96,1.08,0,50.7,50
2016,11,17,Thurs,6.49,0.2,0,50.5,51
2016,11,18,Fri,4.25,0,0,50.3,54
2016,11,19,Sat,12.3,0,0,50,57
2016,11,20,Sun,10.51,0.04,0,49.8,57
2016,11,21,Mon,10.07,0.01,0,49.5,53
2016,11,22,Tues,10.07,0.02,0,49.3,53
2016,11,23,Wed,8.5,0.45,0,49.1,48
2016,11,24,Thurs,11.18,0.13,0,48.9,51
2016,11,25,Fri,12.53,0.66,0,48.6,52
2016,11,26,Sat,5.82,0.01,0,48.4,51
2016,11,27,Sun,6.71,0.38,0,48.2,47
2016,11,28,Mon,10.07,0.32,0,48,50
2016,11,29,Tues,6.26,0,0,47.8,51
2016,11,30,Wed,6.26,0.04,0,47.6,50
2016,12,1,Thurs,14.09,0.1,0,47.4,46
2016,12,2,Fri,6.93,0.01,0,47.2,49
2016,12,3,Sat,11.41,0.27,0,47,48
2016,12,4,Sun,13.87,0.18,0,46.8,45
2016,12,5,Mon,8.72,0.17,0,46.6,39
2016,12,6,Tues,8.05,0.24,0,46.4,40
2016,12,7,Wed,7.61,0,0,46.3,38
2016,12,8,Thurs,11.18,0,0,46.1,38
2016,12,9,Fri,14.32,0.06,0,46,36
2016,12,10,Sat,12.75,0.34,1,45.9,44
2016,12,11,Sun,12.3,0.18,0,45.7,42
2016,12,12,Mon,13.87,0.09,0,45.6,42
2016,12,13,Tues,8.95,0.09,0,45.5,38
2016,12,14,Wed,10.51,0,0,45.4,39
2016,12,15,Thurs,13.87,0,0,45.3,38
2016,12,16,Fri,6.93,0,0,45.3,34
2016,12,17,Sat,8.5,0,0,45.2,33
2016,12,18,Sun,5.37,0,0,45.2,39
2016,12,19,Mon,5.82,0,0,45.1,45
2016,12,20,Tues,10.51,0.81,0,45.1,50
2016,12,21,Wed,14.32,0.01,0,45.1,47
2016,12,22,Thurs,4.03,0,0,45.1,44
2016,12,23,Fri,6.71,0.3,0,45.1,39
2016,12,24,Sat,5.37,0.58,0,45.1,40
2016,12,25,Sun,2.01,0.1,0,45.1,42
2016,12,26,Mon,4.25,0,0,45.2,42
2016,12,27,Tues,8.5,0.29,0,45.2,44
2016,12,28,Wed,15.21,0.05,0,45.3,47
2016,12,29,Thurs,8.72,0,0,45.3,48
2016,12,30,Fri,8.5,0.05,0,45.4,45
2016,12,31,Sat,6.93,0.02,0,45.5,38
2017,1,1,Sun,8.05,0.03,0,45.6,37
